isLock,isNew,folder,name,cateId,area,des,coverUrl,isfinsh
false,false,0001,一闪一闪亮晶晶,1,日本漫画,"提督阵亡了，他死前希望雪风活下去,可是……",http://imgs.juheapi.com/comic_xin/5559b86938f275fd560ad685.jpg,1
false,false,0002,养育幼虫,1,日本漫画,"养育幼虫漫画 ，就算是青虫，只要长得可爱就没问题欢迎在新动漫漫画网观看养育幼虫漫画",http://imgs.juheapi.com/comic_xin/5559b86a38f275fd560ad7e1.jpg,1
false,false,0003,SOLDIER BLUE,1,日本漫画,"SOLDIER BLUE漫画 ，强袭魔女同人欢迎在新动漫漫画网观看SOLDIER BLUE漫画",http://imgs.juheapi.com/comic_xin/5559b86a38f275fd560ad7f5.jpg,1
false,false,0004,喵喵大合唱,1,日本漫画,"喵喵大合唱漫画 ，流浪猫成为家猫的故事欢迎在新动漫漫画网观看喵喵大合唱漫画",http://imgs.juheapi.com/comic_xin/5559b86a38f275fd560ad7f6.jpg,1
false,false,0005,节分大会代役,1,日本漫画,"节分大会代役漫画 ，为了游戏机，什么都可以！欢迎在新动漫漫画网观看节分大会代役漫画",http://imgs.juheapi.com/comic_xin/5559b86a38f275fd560ad7fa.jpg,1
false,false,0006,人体模型在脸红,1,日本漫画,"人体模型在脸红漫画 ，打工的职业是穿着女装的人体模型。欢迎在新动漫漫画网观看人体模型在脸红漫画",http://imgs.juheapi.com/comic_xin/5559b86a38f275fd560ad800.jpg,1
false,false,0007,渚的声音,1,日本漫画,"渚的声音漫画 ，只要三人在一起的话……欢迎在新动漫漫画网观看渚的声音漫画",http://imgs.juheapi.com/comic_xin/5559b86a38f275fd560ad80f.jpg,1
false,false,0008,王子和仆人小姐,1,日本漫画,"王子和仆人小姐漫画 ，呆萌王子与操心女仆的日本校园故事欢迎在新动漫漫画网观看王子和仆人小姐漫画",http://imgs.juheapi.com/comic_xin/5559b86a38f275fd560ad80a.jpg,1
false,false,0009,舰战姬百合,1,日本漫画,"舰战姬百合漫画 ，冬日的舰娘故事欢迎在新动漫漫画网观看舰战姬百合漫画",http://imgs.juheapi.com/comic_xin/5559b86a38f275fd560ad80e.jpg,1
false,false,0010,Flat Blood,1,日本漫画,"Flat Blood漫画 ，学校是个鱼缸，而我有时会缺氧……欢迎在新动漫漫画网观看Flat Blood漫画",http://imgs.juheapi.com/comic_xin/5559b86a38f275fd560ad814.jpg,1
false,false,0011,异形:救赎,1,欧美漫画,"异形：救赎漫画 ，我知道你能看见我，天主……我祈祷你能原谅我的罪孽，因为我有罪，我做了可怕的事。可怕的事。欢迎在新动漫漫画网观看异形：救赎漫画",http://imgs.juheapi.com/comic_xin/5559b86a38f275fd560ad824.jpg,1
false,false,0013,异形之猪,1,欧美漫画,"异形之猪漫画 ，在太空中，没人听得到你的尖叫欢迎在新动漫漫画网观看异形之猪漫画",http://imgs.juheapi.com/comic_xin/5559b86a38f275fd560ad826.jpg,1
false,false,0014,樱花果实熟成之日,1,日本漫画,"樱花果实熟成之日漫画 ，百合短篇漫画。欢迎在新动漫漫画网观看樱花果实熟成之日漫画",http://imgs.juheapi.com/comic_xin/5559b86a38f275fd560ad819.jpg,1
false,false,0015,离脚尖零距离,1,日本漫画,"离脚尖零距离漫画 ，如果是你，我愿意当舔脚奴，不，请让我当你的舔脚奴……欢迎在新动漫漫画网观看离脚尖零距离漫画",http://imgs.juheapi.com/comic_xin/5559b86a38f275fd560ad807.jpg,1
false,false,0016,如名所示的故事,1,日本漫画,"如名所示的故事漫画 ，东方同人，各种霖之助的CP欢迎在新动漫漫画网观看如名所示的故事漫画",http://imgs.juheapi.com/comic_xin/5559b86b38f275fd560ad86f.jpg,1
false,false,0017,梅霖来了,1,日本漫画,"梅霖来了漫画 ，因为不打扫所以梅霖被引入霖之堂欢迎在新动漫漫画网观看梅霖来了漫画",http://imgs.juheapi.com/comic_xin/5559b86b38f275fd560ad868.jpg,1
false,false,0019,复仇者-英雄礼遇,1,欧美漫画,"复仇者-英雄礼遇漫画 ，当新晋英雄小新星萨姆开始质疑英雄本质的时候该怎么办？没关系，让复联的前辈们来答疑解惑! 欢迎在新动漫漫画网观看复仇者-英雄礼遇漫画",http://imgs.juheapi.com/comic_xin/5559b86b38f275fd560ad8cb.jpg,1
false,false,0020,万能铰剪,1,日本漫画,"",http://imgs.juheapi.com/comic_xin/5559b86b38f275fd560ad8d6.jpg,1
false,false,0022,百合妄想,2,日本漫画,"幸运星同人——有爱就不是问题",http://imgs.juheapi.com/comic_xin/5559b8dc38f275fd560b0659.jpg,1
false,false,0023,希柏里尔,2,欧美漫画,"希柏里尔漫画 ，克拉克·阿什顿·史密斯著名小说改编。欢迎在新动漫漫画网观看希柏里尔漫画",http://imgs.juheapi.com/comic_xin/5559b8dd38f275fd560b065e.jpg,1
false,false,0024,东方机神传承谭,2,日本漫画,"憎会以净化佛土为名,大量地拘捕犯人,处以极刑.他们将犯人处死后,让犯人转生成为机神的血肉,籍此大量繁殖机神兵团,增强军事力量.然而如此不人道的作为欲引起犯人的不满,而一场激烈的战争也一触即发",http://imgs.juheapi.com/comic_xin/5559b8de38f275fd560b06a5.jpg,1
false,false,0025,虫师,2,日本漫画,"虫师漫画,另一个世界,住着一群与常见动植物孑然不同的生物。远古以来,人们敬畏地称它们为“虫”。当虫的世界和人的世界重合时,虫师银古便会出现。介绍中提到的虫显然不是看上去肉呼呼扭动的小东西（这个概念一定要确立,否则会很别扭）,而是一种最接近生命本源,类似灵体的生物（依照这种说法,鬼魂也是虫的形态之一）。它们有自己的生存方式,而这种方式却可能有驳于人类的常识,甚至危害人类的生存。于是就出现了“虫师”这种职业,他们云游四方,对虫的生命形态,生存方式进行研究,并接受人们的委托,解决可能是由虫引起的怪异事件。银古,正是他们的一员。",http://imgs.juheapi.com/comic_xin/5559b8de38f275fd560b06c2.jpg,1
false,false,0026,头文字D,2,日本漫画,"该漫画刚出版即以二万多册的销量成为香港日本漫画销售榜冠军，至今仍然保持高销量。这部超人气赛车漫画，活脱就是一部赛车的百科全书，不但令喜欢赛车的读者看得如痴如醉，其爆炸性的赛车画面和车手之间的心理刻画更是同类作品所罕见，故事紧凑，人物营造出色，就算不是「车狂」，也看得津津有味，不忍释卷！赛车漫画颠峰之作，王者地位谁可代替？……(本漫画内容介绍由xindm.cn整理提供)",https://firebasestorage.googleapis.com/v0/b/cartoonbook-f83f9.appspot.com/o/cover%2F0026_cover.png?alt=media&token=44fd8b5c-522a-45c8-b616-24bb2a5c91bc,1
false,false,0027,破坏兽,2,日本漫画,"原本应该是跟往常没啥两样的一天，却因著一场大规模地震而彻底改变了少年的人生。他再也无法跟自己的儿时玩伴兼篮球劲敌一较长短，因为前所未见的吃人怪物随著地震出现，吃掉了将校内绝大多数的师生。少年心裡所描绘的灿烂未来，顿时充满了致命杀机。少年今后究竟该何去何从？可怕的吃人怪物又是从何而来？破坏兽第１集将引领各位跟随少年展开这趟求生冒险！",https://firebasestorage.googleapis.com/v0/b/cartoonbook-f83f9.appspot.com/o/cover%2F0027_cover.png?alt=media&token=28107c88-76e8-46ed-81b9-202f0c917301,1
false,false,0028,妄想漫画俱乐部,2,日本漫画,"讲述女主看了男主的纯爱漫画 慢慢爱上男主于是各种福利。男主以为自己有画漫画 能现实实现 于是各种无节操。最后居然还想OOXX，被女主拒绝，女2号出来说，没表白这么干事，于是表白成功，结局是，男主的纯爱漫画居然SM结局，于是女主直接崩溃！",https://firebasestorage.googleapis.com/v0/b/cartoonbook-f83f9.appspot.com/o/cover%2F0028_cover.png?alt=media&token=c5d6dc77-1c6b-4b82-9ca7-a228d1d39ec3,1
false,false,0029,金田一少年之事件簿2008,2,日本漫画,"在围棋的世界里，后很多奇妙的传说。例如带棋墩的棋盘四个棋墩是橘子形状的。这个就是警戒棋盘边的观战者，不要插嘴的意思。就是根据希望“闭嘴”才做出来的东西。但是遇到插嘴的人会怎…",http://imgs.juheapi.com/comic_xin/5559b8e138f275fd560b0743.jpg,1
false,false,0030,皇家国教骑士团,2,日本漫画,"皇家国教骑士团漫画 ，故事延续著名的《吸血鬼德古拉》，HELLSING教授打倒了不死的德古拉之后，时间过了约100年，英国王立国教骑士团是专门歼灭对抗大英帝国和英国国教的反基督怪物的特殊机关，而其中的王牌是拿着常人无法使用的大口径手枪的吸血鬼阿尔卡特，在一次任务中转化了被狭持的女警西洛斯，之后两 皇家国教骑士团人就以主仆的关系进行任务。　　但是潜伏在历史阴影中的敌人也正在重整旗鼓，一连串不寻常的人造吸血鬼肆虐事件指向了一个秘密的组织“千禧年”， 这个组织由躲藏在南美的纳粹残党所建立，在领导人少校的指挥之下，许多加入组织的党卫军老兵接受了改造成了不死的吸血鬼军团“最后的大队”，另外，少校手下的“狼人部队”拥有超乎常识的超自然能力以及杀戮的意志，也成了相当恐怖的敌人。　　他们的目标是：消灭阿尔卡特以及Hellsing，毁灭英国，将无尽的战火再度带到这世界上。　　Hellsing不得已与平时在政教上为敌对关系，却又同为消灭异端怪物的机关，法王厅十三课合作。但是拥有强大军团的 法王厅却有着自己的打算，使得情形更加复杂。皇家国教骑士团此时，最后的大队以及狼人部队终于对伦敦发动歼灭战，潜伏的吸血鬼支持者也倾巢而出。英国各处死伤惨重，Hellsing也元气大伤，法王厅十三课课长马克斯威尔趁机发动第九次十字军登陆战，企图作收渔翁之利，让国教徒永远从英国消失。英国女王也宣布在最后手段下，将动用核武攻击已为死城的伦敦。　　在阿尔卡特发动死河之后，最后的大队以及十字军迅速溃败，法王厅十三课也近乎毁灭。血腥的黎明来到之前，三方的战力已剩下最后的底牌，然而少校似乎有着更大的阴谋……　　这场地狱之战中，谁会是最后一个活下来的人？欢迎在新动漫漫画网观看皇家国教骑士团漫画",http://imgs.juheapi.com/comic_xin/5559b8e138f275fd560b074a.jpg,1
false,false,0031,贞子,2,日本漫画,"关于贞子的新故事即将展开",https://firebasestorage.googleapis.com/v0/b/cartoonbook-f83f9.appspot.com/o/cover%2F0031_cover.png?alt=media&token=6b661376-2815-4118-83b5-cd966d94596d,1
false,false,0032,现代格林童话:罗宾汉v1,2,欧美漫画,"现代格林童话：罗宾汉v1漫画 ，以英国民间传说侠盗式英雄人物，人称汉丁顿伯爵的罗宾汉为原型创作的，女版罗宾汉欧美漫画。欢迎在新动漫漫画网观看现代格林童话：罗宾汉v1漫画",http://imgs.juheapi.com/comic_xin/5559b8e238f275fd560b078c.jpg,1
false,false,0033,异变者,2,日本漫画,"异变者漫画 ，　　>>点击进入恐怖漫画专题<<　　《异变者》并不是《杀手阿一》那种血腥变态的作品，而是很玄的故事。《异变者》的英文名字叫Homunculus，这个词是小人，脑中小人的意思。科学家提出一个Homunculus的观点，指人的脑中有一个对应人体感觉的小人，人的各个感觉器官在大脑上都有对应的感应部分，根据感应度的不同各有大小，这些鼻子对应鼻子眼睛对应眼睛的感应带组合起来，就是一个模拟的小人，也就是Homunculus。欢迎在新动漫漫画网观看异变者漫画",http://imgs.juheapi.com/comic_xin/5559b8e238f275fd560b0796.jpg,1
false,false,0034,机械神父,2,日本漫画,"波尔特历1018年世界大战爆发后，因为过度发展的科学对世界造成的严重破坏，宗教方面对科学进行镇压。然而，科学的魅力注定它不会这样简单的消失。继承父亲遗志的少女决定用科学带给大家幸福，但遭到教会的迫害，在这个途中，神秘的科尔马神父帮助了她。 【无论哪个时代，存在恶念的，只有人心而已】 无论怎样的化学物质或科学技术，如果弄错了方法才会让人们受其伤害。我们应该做的，不是把科学全盘排除，而是努力去正确的是用科学啊！ 我们要正确的发展科学，使用科学，同样的，我们也不能遗忘那些讲人生奉献给科学的那些人们。在沉重的关于科学恶与否的话题下，也不乏爲了反抗恶权而出现的神父大人，向恶者施与爱的惩戒，成功带领人们反抗了错误的宗教的控制。不要输啊，科尔马神父！",https://firebasestorage.googleapis.com/v0/b/cartoonbook-f83f9.appspot.com/o/cover%2F0034_cover.png?alt=media&token=bfef77fd-ec1a-4895-9b9e-d6e51a756e27,1
false,false,0035,小人轶事,2,日本漫画,"早上一起床就发现眼前出现了一个豆丁少女……这是梦？幻觉？还是现实？",https://firebasestorage.googleapis.com/v0/b/cartoonbook-f83f9.appspot.com/o/cover%2F0035_cover.png?alt=media&token=42a6fadf-7c28-41aa-b2e6-ed46f0dfa4cd,1
false,false,0036,孤独的美食家,2,日本漫画,"《孤独的美食家》是日本漫画家久住昌之原作、谷口治郎作画的一部漫画，1994年于扶桑社的《月刊PANJA》开始连载至1996年，1997年发行单行本。2008年1月15日于周刊《SPA!》上复活连载，目前不定期连载中，同时2008年再版单行本。圆神代理的就是这个版本。日剧播出后很受欢迎，我也很喜欢吃货五郎，想想久住昌之每每借着考察的缘由去店里白吃，喝麦子汽水什么的，所以买书资助一下五郎的肚子哈。",https://firebasestorage.googleapis.com/v0/b/cartoonbook-f83f9.appspot.com/o/cover%2F0036_cover.png?alt=media&token=9f5312b1-7763-4c37-bb59-527356b42f24,1
false,false,0037,暗黑之门;伦敦,2,欧美漫画,"2032年，一度繁荣景象的城市――London(伦敦) 变成了废墟。天已变得昏暗不堪，世界也成了与现实隔绝的地方。从 London(伦敦) 开始的这场大变革的混乱给人类社会蒙上了巨大的阴影。　　数个世纪以来，由于人类不相信超自然的现象只信奉科学的结果，魔界和人界的差距逐渐拉大。人类不相信存在于地下的黑暗世界，因此而失掉了对恶魔的警惕心。人类只相信肉眼所见的，以及可分析、可研究，可证明的存在，与此同时恶魔也开始筹备攻打人界的计划，等待着机会。　　回顾历史来看，恶魔们的暂时的侵略从来没有成功过，它们在人界从没维持过物理形象。无实体的幽灵形态的恶魔们为了将世界变成自己的国度，一直以来都虎视眈眈的等待机会。魔界因被人界流放的人而成了饱和状态，所以它们渴望更为广阔的世界，人界是它们最终的目标……(本漫画内容介绍由xindm.cn整理提供)",http://imgs.juheapi.com/comic_xin/5559b8e338f275fd560b07c0.jpg,1
false,false,0038,野性之声,2,日本漫画,"野性之声漫画 ，品描写高中生岩城铁人是一个读书差劲的学生，特长只是懂得绝对音感而已。别的乐器又不会弹，连唱歌也不行，理所当然地，学习也就更不用提了！！未来说不定会成为流氓或者骗子……以后将来一生也没有未来地流落街上！万万没有想到，像铁生这种人，竟会命运转折的一次邂逅……因为有着天生的绝对音感，因此可以与动物做很好的交流与沟通，这也使他定下了目标，要成为最优秀的兽医。欢迎在新动漫漫画网观看野性之声漫画",http://imgs.juheapi.com/comic_xin/5559b8e338f275fd560b07d1.jpg,1
false,false,0039,南无三宝,2,日本漫画,"南无三宝漫画 ，继承亡父遗志而成为镇命寺住持的南武天地,和北条新八是热山市的不良２人组,误打误撞的南武天地竟一一揭发社会上的黑暗犯罪事件…精彩好看,绝对不容错过的好漫画欢迎在新动漫漫画网观看南无三宝漫画",http://imgs.juheapi.com/comic_xin/5559b8e338f275fd560b07d2.jpg,1
false,false,0040,咒怨游戏,2,日本漫画,"咒怨游戏漫画 ，喂！你知道吗？以前流行过一个电视游戏叫“咒怨”，当你去到某一关的时候，会有一个男子问你：“要来这里吗？”那时，你可千万不能回答，否则，你就会…欢迎在新动漫漫画网观看咒怨游戏漫画",http://imgs.juheapi.com/comic_xin/5559b8e338f275fd560b07d3.jpg,1
false,false,0041,Monochrome Switch,3,日本漫画,"楚楚可怜的小羊，忽然变成了狼人。",https://firebasestorage.googleapis.com/v0/b/cartoonbook-f83f9.appspot.com/o/cover%2F0041_cover.png?alt=media&token=66b69cfa-32df-429f-900f-5fb3832840c3,1
false,false,0042,My Fair Neighbor,3,日本漫画,"年龄差和年龄之间的故事！",https://firebasestorage.googleapis.com/v0/b/cartoonbook-f83f9.appspot.com/o/cover%2F0042_cover.png?alt=media&token=0b950d65-7328-416b-bb30-2d8aa8936ab4,1
false,false,0043,DREAM PAIN-0,3,日本漫画,"自我介绍",https://firebasestorage.googleapis.com/v0/b/cartoonbook-f83f9.appspot.com/o/cover%2F0043_cover.png?alt=media&token=ed48ab4c-1971-433a-a2d2-3130b5d1ed5b,1
false,false,0044,Honey Switch,3,日本漫画,"香气让我们融为一体……",https://firebasestorage.googleapis.com/v0/b/cartoonbook-f83f9.appspot.com/o/cover%2F0044_cover.png?alt=media&token=47c6f725-cb2a-4610-a093-fc15d46cf401,1
false,false,0045,All Right,3,日本漫画,"就算没有钱，只要有爱，一切都OK！",https://firebasestorage.googleapis.com/v0/b/cartoonbook-f83f9.appspot.com/o/cover%2F0045_cover.png?alt=media&token=1b8e6ac1-c584-4e3c-bb33-90332f69702b,1
false,false,0046,SNOW BLACK,3,日本漫画,"在灰色的雪色调变深之前，想看到你些微的笑容~",https://firebasestorage.googleapis.com/v0/b/cartoonbook-f83f9.appspot.com/o/cover%2F0046_cover.png?alt=media&token=d4fe5912-0542-4723-a661-c7d5cf85d8e9,1
false,false,0047,红色 我好想你,3,港台漫画,"平凡、陈淑芬作品",https://firebasestorage.googleapis.com/v0/b/cartoonbook-f83f9.appspot.com/o/cover%2F0047_cover.png?alt=media&token=897b1a9c-e9ba-4253-9007-1e1a1e0e799d,1
false,false,0048,ReReHoney ~SOS大作战~,3,日本漫画,"别玛50周年纪念特别合作短篇。",https://firebasestorage.googleapis.com/v0/b/cartoonbook-f83f9.appspot.com/o/cover%2F0048_cover.png?alt=media&token=c23d85c9-9350-4125-a733-5a5b061997c4,1
false,false,0049,Berry Garden,3,日本漫画,"暂无介绍",https://firebasestorage.googleapis.com/v0/b/cartoonbook-f83f9.appspot.com/o/cover%2F0049_cover.png?alt=media&token=350b9a8b-4060-48ae-8792-b514c582dea9,1
false,false,0050,Bad Boys,3,日本漫画,"短篇故事集",https://firebasestorage.googleapis.com/v0/b/cartoonbook-f83f9.appspot.com/o/cover%2F0050_cover.png?alt=media&token=1cc391fe-1b3e-402b-a9ed-10475e5461d6,1
false,false,0051,还是喜欢你 不可以吗,3,日本漫画,"暂无介绍",https://firebasestorage.googleapis.com/v0/b/cartoonbook-f83f9.appspot.com/o/cover%2F0051_cover.png?alt=media&token=f2a6cf2e-779f-43eb-8508-0100c4730da7,1
false,false,0052,百合笼,3,日本漫画,"百合笼漫画 ，这个笼子给我来一打，不差钱。欢迎在新动漫漫画网观看百合笼漫画",http://imgs.juheapi.com/comic_xin/5559b8f538f275fd560b0b5a.jpg,1
false,false,0053,初恋豆蔻花开,3,日本漫画,"初恋豆蔻花开漫画 ，虽不是现充但小日子过得很happy的姬子，在她面前出现的是，校园内的顶级跳高偶像学弟？！欢迎在新动漫漫画网观看初恋豆蔻花开漫画",http://imgs.juheapi.com/comic_xin/5559b8fc38f275fd560b0c6b.jpg,1
false,false,0054,嘘!要对大家保密唷!,3,日本漫画,"嘘！要对大家保密唷！漫画 ，专长是念书的超朴实女主角教导骄傲帅哥的故事。“我们来做比念书更有趣的事情吧！”本来应该是超级令人脸红心跳的展开才对啊…结果居然是！？欢迎在新动漫漫画网观看嘘！要对大家保密唷！漫画",http://imgs.juheapi.com/comic_xin/5559b90238f275fd560b0d5d.jpg,1
false,false,0055,恋之光,3,日本漫画,"一段不可思议的恋爱物语。",https://firebasestorage.googleapis.com/v0/b/cartoonbook-f83f9.appspot.com/o/cover%2F0055_cover.png?alt=media&token=b115f93a-4101-4cff-a67a-5f16637ebcd8,1
false,false,0056,东京mega口袋中心的皮卡丘和喷火龙,3,日本漫画,"东京mega口袋中心的皮卡丘和喷火龙漫画 ，皮卡丘和喷火龙的萌萌故事欢迎在新动漫漫画网观看东京mega口袋中心的皮卡丘和喷火龙漫画",http://imgs.juheapi.com/comic_xin/5559b90338f275fd560b0d87.jpg,1
false,false,0057,妖魔的封印,3,日本漫画,"妖魔的封印漫画 ，多利亚斯——妖魔之王,爱上人类妖魔使 席巴——年轻的妖魔使,纯洁善良 “妖魔之王为了我,流了两次血。。。。和当时一样,你总是这样微笑。” “我不会再与你分开,哪怕是直到永远,也要与你相守。” 这是一个被魔法统治的世界,人类与妖魔并存。在人类领主的婚礼上,颇有名气的魔法师们都被邀请在列,其中最出色的,是年轻的妖魔使——火的席巴。人们在狂欢,没人注意到不祥的风在躁动。由于愚蠢魔术师的自大妄为（忘了是哪个甲乙丙丁了,汗~）妖魔之王降临了这个世上,而使婚礼变成了杀戮的血宴,无人幸免。。。然而,多利亚斯唯独放过了席巴。世界因奇迹的出现而改变,妖魔之王为席巴的美丽高贵所着迷,发誓对他报以不变的爱,并强加与席巴时的封印。。。欢迎在新动漫漫画网观看妖魔的封印漫画",http://imgs.juheapi.com/comic_xin/5559b90338f275fd560b0d91.jpg,1
false,false,0058,凤凰院与白鸟,3,日本漫画,"凤凰院与白鸟漫画 ，对出身名门、眉清目秀、文武双全的白鸟百合子来说，唯一未得手的就是“恋人”。为了让自己更加完美，百合子决定要将同是名门出身、文武双全的凤凰院静变成自己的男友！但对方似乎并不感兴趣！？欢迎在新动漫漫画网观看凤凰院与白鸟漫画",http://imgs.juheapi.com/comic_xin/5559b90338f275fd560b0d97.jpg,1
false,false,0059,乡村婚礼,3,日本漫画,"反正是要离婚的女人，随便的娶一个，随便的离了，然后卖了土地和房子，回城里去。我是这样想的，可是——",https://firebasestorage.googleapis.com/v0/b/cartoonbook-f83f9.appspot.com/o/cover%2F0059_cover.png?alt=media&token=981a4306-1a26-47e9-a746-fa30c6bb32ec,1
false,false,0060,与龙在被炉中度过的懒散的午后,3,日本漫画,"与龙在被炉中度过的懒散的午后漫画 ，与龙一起度过的午后时光欢迎在新动漫漫画网观看与龙在被炉中度过的懒散的午后漫画",http://imgs.juheapi.com/comic_xin/5559b90438f275fd560b0dc3.jpg,1
false,false,0061,Torch Song Ecology,4,日本漫画,"27岁的清武迪是个跑龙套的替身演员，某天在家听到小孩子在唱歌……",http://imgs.juheapi.com/comic_xin/5559b99938f275fd560b21c4.jpg,1
false,false,0063,难攻不落少年,4,日本漫画,"难攻不落少年漫画 ，对朋友冷淡的国三学生奥伊三郎，在考前某天，有人对他说「我想跟你一起踢足球」，邀他报考实力弱小的南高。对方是在选拔赛中偶然结识的开朗少年雨宫一。伊三郎起初完全不予理会，就在某一天改变了主意……除了同名作品外，尚收录三篇作品。欢迎在新动漫漫画网观看难攻不落少年漫画",http://imgs.juheapi.com/comic_xin/5559b98b38f275fd560b2033.jpg,1
false,false,0064,last summer blues,4,日本漫画,"last summer blues漫画 ，稚嫩的高中棒球少年夏日物语。那个夏天向神明祈愿……欢迎在新动漫漫画网观看last summer blues漫画",http://imgs.juheapi.com/comic_xin/5559b99038f275fd560b20c1.jpg,1
false,false,0065,ILEGENES黑耀的轨迹,4,日本漫画,"伊尔盖尼斯因某种基因工程学研究项目的发展，而驰名国际，并一手独揽农作物基因改造技术的国家。但是在幕后它却是批量克隆的温床，在黑市上进行的非法克隆人口的贩卖，至今仍能带来巨大的利润。于是人们开始这样称呼伊尔盖尼斯——违背上帝意志的基因·罪恶之都。所有的故事都从这里展开……(本漫画内容介绍由xindm.cn整理提供)",http://imgs.juheapi.com/comic_xin/5559b99038f275fd560b20c8.jpg,1
false,false,0067,迷幻药局,4,日本漫画,"迷幻药局漫画 ，开始心中有不能死的想法的风疾倒在雪泊中... 而后被路过的陆王所搭救... 时间过了一个月左右... 风疾被陆王的一脚踩醒了起来... 而后便一同去花萤的药局打工... 但是这只是表面上的工作而已... 实际从事的工作有点类似侦信社... 两人这次又从斋峨(应该是花萤的爱人 PS.两个都是男的.) 的手中接下了找寻一本古书的任务... 其中风疾拥有感应的精神能力.而陆王具有切断非正常物质的能力. 这次的任务之中.两人到了一个女生的无法达成的爱恋 所形成的书的空间之中... 这个空间之中有棵无果树...代表的意义是没有开花结果的恋情... (最后任务当然成功了.但是没有拿到报酬.因为...留给你们自己去看喔...) 欢迎在新动漫漫画网观看迷幻药局漫画",http://imgs.juheapi.com/comic_xin/5559b99138f275fd560b20eb.jpg,1
false,false,0068,估算错误的心,4,日本漫画,"估算错误的心漫画 ，明明是一时心血来潮才开始玩的恋人游戏，呆在那个人身边却感觉很舒服……？欢迎在新动漫漫画网观看估算错误的心漫画",http://imgs.juheapi.com/comic_xin/5559b99238f275fd560b210d.jpg,1
false,false,0069,青春激情少年爱,4,日本漫画,"青春激情少年爱漫画 ，二年前，当将意识到自己的的感情的时候，将转学了，因为他不想给贯史带来困扰。二年后，将与贯史进入同一所高中、同一个班级。将选择了逃避……当贯史知道将对自己的感情后，两人的感情……欢迎在新动漫漫画网观看青春激情少年爱漫画",http://imgs.juheapi.com/comic_xin/5559b99438f275fd560b2148.jpg,1
false,false,0070,神啊求求你!,4,日本漫画,"神啊求求你！漫画 ，步梦有个烦恼，就是每晚都会做色色的梦……虽然他一直忍耐，但是身体却快受不了那种欲求了……希望得到救赎，于是转学到圣诺耶鲁就读，却在那所学校里遇到梦中的对象，自称吸血鬼的夜切……天真的S受和虚弱的M攻，两人在过夜时真是多灾多难啊，也有收录鬼畜老师×傲娇猫又的番外篇哦！欢迎在新动漫漫画网观看神啊求求你！漫画",http://imgs.juheapi.com/comic_xin/5559b99538f275fd560b215a.jpg,1
false,false,0071,现实往往比少女漫画更加离奇,4,日本漫画,"现实往往比少女漫画更加离奇漫画 ，心跳不已~易推倒汉子共度良宵的对象居然是（哔—）工作恋爱不尽人意的他这段邂逅将带来怎样转变？欢迎在新动漫漫画网观看现实往往比少女漫画更加离奇漫画",http://imgs.juheapi.com/comic_xin/5559b99538f275fd560b2160.jpg,1
false,false,0072,禁止通行,4,日本漫画,"禁止通行漫画 ，我的攻受猜测被颠覆了…传言只要住进那处公寓便会爱上男性的伊势会如何?欢迎在新动漫漫画网观看禁止通行漫画",http://imgs.juheapi.com/comic_xin/5559b99538f275fd560b2166.jpg,1
false,false,0073,爷才不会喜欢你这货,4,日本漫画,"原名《このおれがおまえなんか好きなわけない(仮)》，以如花容颜为傲的大成君，出现在他面前的是……？他光鲜亮丽的校园生活将会变得如何？！心跳加速兴奋不已的新连载始动！",http://imgs.juheapi.com/comic_xin/5559b99638f275fd560b2169.jpg,1
false,false,0074,花色处女地,4,日本漫画,"BL作品 南遥大人的又一新作，花色处女地～看名字就知道好看的说！整个故事，是由一通电话邀约开始的。男主角之一：浅月夙纱（粉好听的名字的说，一看就知道是小受受啦~），某天接到大学学长大泽的邀约邂逅了他命运中的另一半——久我文誉，一位广告制作公司的首席设计师。呵呵，真是精彩的邂逅哦！小受受心跳加速，而小攻也找到了心目中完美的形象代言（抑或是完美的猎物？）一句“我看上他了”真是引来众人的无限遐想…… 凝视着夙纱完美的形象（身材？），在量度身体尺码时还趁机上下其手，居然还要夙纱脱掉全身的衣物！？当然接下来自然是H了~ 顿时两人的关系接近不少，夙纱更向久我吐露了自己的心事（我们的小受受还是花道世家出身哦~）于是，在两人为了新广告合作期间，夙纱要求住在久我家，而久我也不是省油的灯，提出了夙纱在他家必须一丝不挂的“恶劣要求”！两人之间慢慢发展着，也有了更进一步的亲密关系然而，久我的工作伙伴之一，居然在酝酿着一个陷害击败他的阴谋！？(本漫画内容介绍由xindm.cn整理提供)",http://imgs.juheapi.com/comic_xin/5559b99638f275fd560b2180.jpg,1
false,false,0075,刎颈之友,4,日本漫画,"战国时代，是丰臣秀吉还是羽柴秀吉的时代，在那期间，有两位天才军师作为秀吉的参谋一直引导着秀吉，直到他取得天下！ = =其实就是不良黑田官兵卫和病娇竹中半兵卫争宠的故事...嘛嘛，3P不就解决了吗……(本漫画内容介绍由xindm.cn整理提供)",http://imgs.juheapi.com/comic_xin/5559b99838f275fd560b21a8.jpg,1
false,false,0077,共犯,4,日本漫画,"共犯漫画 ，銀魂同人 銀時×土方欢迎在新动漫漫画网观看共犯漫画",http://imgs.juheapi.com/comic_xin/5559b99838f275fd560b21a7.jpg,1
false,false,0078,热传导,4,日本漫画,"热传导漫画 ，感触企划短篇 -热传导。。那之手，我考虑不擦了欢迎在新动漫漫画网观看热传导漫画",http://imgs.juheapi.com/comic_xin/5559b99938f275fd560b21b8.jpg,1
false,false,0079,纯爱标本,4,日本漫画,"纯爱标本漫画 ，相机之中寄宿着难于抗拒的欲望，灼烧着相机青年胸口的反常的热情……欢迎在新动漫漫画网观看纯爱标本漫画",http://imgs.juheapi.com/comic_xin/5559b99838f275fd560b21ae.jpg,1
false,false,0080,颠覆罗曼蒂克,4,日本漫画,"纯情的像恐龙一样稀有的阿一，因为与初恋女友"小知"约好，几番苦读才考上"小知"的学校！但是"小知"所给的住处地址竟然是间男子宿舍！？(本漫画内容介绍由xindm.cn整理提供)",http://imgs.juheapi.com/comic_xin/5559b99938f275fd560b21ca.jpg,1
false,false,0082,风梦,1,日本漫画,风梦漫画 ，创造了幻想乡的人，又该归往何处欢迎在新动漫漫画网观看风梦漫画,http://imgs.juheapi.com/comic_xin/5559b86b38f275fd560ad913.jpg,1
false,false,0083,死神爱丽丝,1,日本漫画,死神爱丽丝漫画 ，活在黑暗世界的，楚楚可怜的少女……对被称作死的少女，抱有好感，命运的齿轮，就此开始转动……欢迎在新动漫漫画网观看死神爱丽丝漫画,http://imgs.juheapi.com/comic_xin/5559b86b38f275fd560ad916.jpg,1
false,false,0084,魔理爱丽的育儿故事,1,日本漫画,魔理爱丽的育儿故事漫画 ，魔理爱丽的育儿故事，东方同人本。欢迎在新动漫漫画网观看魔理爱丽的育儿故事漫画,http://imgs.juheapi.com/comic_xin/5559b86b38f275fd560ad8c9.jpg,1
false,false,0085,黑犬,1,,讲述前世传中恶魔七王的前世今生……,http://imgs.juheapi.com/comic_xin/5559b86b38f275fd560ad8eb.jpg,1
false,false,0086,不管王子殿下或南瓜马车,1,日本漫画,不管王子殿下或南瓜马车漫画 ，从一开始就不抱着任何期待，我别无所求。欢迎在新动漫漫画网观看不管王子殿下或南瓜马车漫画,http://imgs.juheapi.com/comic_xin/5559b86b38f275fd560ad955.jpg,1
false,false,0087,和你的初恋,1,日本漫画,和你的初恋漫画 ，这是你和我的初恋欢迎在新动漫漫画网观看和你的初恋漫画,http://imgs.juheapi.com/comic_xin/5559b86b38f275fd560ad959.jpg,1
false,false,0088,愿君寿千岁 髻首映此花,1,日本漫画,愿君寿千岁 髻首映此花漫画 ，这悲剧，周而复始。欢迎在新动漫漫画网观看愿君寿千岁 髻首映此花漫画,http://imgs.juheapi.com/comic_xin/5559b86b38f275fd560ad954.jpg,1
false,false,0089,雷和作业笔记,1,日本漫画,雷和作业笔记漫画 ，虽然在身边，但从来没有想过，会从现在这儿距离远去。欢迎在新动漫漫画网观看雷和作业笔记漫画,http://imgs.juheapi.com/comic_xin/5559b86b38f275fd560ad95f.jpg,1
false,false,0090,加贺嫁,1,日本漫画,加贺嫁漫画 ，人妻加贺的日常。欢迎在新动漫漫画网观看加贺嫁漫画,http://imgs.juheapi.com/comic_xin/5559b86b38f275fd560ad956.jpg,1
false,false,0091,胯下☆樱花香,1,日本漫画,胯下☆樱花香漫画 ，这是一篇带着淡雅樱花香的短篇漫画。欢迎在新动漫漫画网观看胯下☆樱花香漫画,http://imgs.juheapi.com/comic_xin/5559b86b38f275fd560ad958.jpg,1
false,false,0092,战争机器之破坏美学,1,欧美漫画,战争机器之破坏美学漫画 ，全球销量超过400万套的Xbox 360射击游戏大作《战争机器》豪华版赠送的画集《The Art of Gears of War》欢迎在新动漫漫画网观看战争机器之破坏美学漫画,http://imgs.juheapi.com/comic_xin/5559b86b38f275fd560ad952.jpg,1
false,false,0093,北之魔女与不死人偶,1,日本漫画,北之魔女与不死人偶漫画 ，发情的白熊女和腹黑女战士。欢迎在新动漫漫画网观看北之魔女与不死人偶漫画,http://imgs.juheapi.com/comic_xin/5559b86b38f275fd560ad962.jpg,1
false,false,0094,魔王艾蕾娜,1,日本漫画,魔王艾蕾娜漫画 ，魔王和勇者的心，难道永远没有相重合的一天吗？欢迎在新动漫漫画网观看魔王艾蕾娜漫画,http://imgs.juheapi.com/comic_xin/5559b86b38f275fd560ad957.jpg,1
false,false,0095,只要相互理解的话,1,日本漫画,只要相互理解的话漫画 ，モアイ第66回MANGA OPEN大赏百合漫画。欢迎在新动漫漫画网观看只要相互理解的话漫画,http://imgs.juheapi.com/comic_xin/5559b86b38f275fd560ad960.jpg,1
false,false,0096,我们的学而不杂同好会,1,日本漫画,我们的学而不杂同好会漫画 ，燃烧吧求知欲欢迎在新动漫漫画网观看我们的学而不杂同好会漫画,http://imgs.juheapi.com/comic_xin/5559b86b38f275fd560ad964.jpg,1
false,false,0097,优由的晚餐,1,日本漫画,优由的晚餐漫画 ，那个优由正在吃继母！欢迎在新动漫漫画网观看优由的晚餐漫画,http://imgs.juheapi.com/comic_xin/5559b86b38f275fd560ad961.jpg,1
false,false,0098,寄宿学校的朱丽叶,1,日本漫画,寄宿学校的朱丽叶漫画 ，2人的关系暴露就是死刑！秘密存在的时候，恋爱燃烧更激烈！欢迎在新动漫漫画网观看寄宿学校的朱丽叶漫画,http://imgs.juheapi.com/comic_xin/5559b86b38f275fd560ad963.jpg,1
false,false,0099,野生巫女灵梦桑,1,日本漫画,野生巫女灵梦桑漫画 ，东方同人，萌萌的巫女。欢迎在新动漫漫画网观看野生巫女灵梦桑漫画,http://imgs.juheapi.com/comic_xin/5559b86b38f275fd560ad975.jpg,1
false,false,0100,红浩克,1,欧美漫画,红浩克漫画 ，绿巨人布鲁斯·班纳的岳父霹雳将军罗斯Ross红巨人的故事，翁婿互掐，欢迎在新动漫漫画网观看红浩克漫画,http://imgs.juheapi.com/comic_xin/5559b86c38f275fd560ad998.jpg,1
false,false,0101,UNDEADS,2,日本漫画,偶像大师的同人漫画。,http://imgs.juheapi.com/comic_xin/5559b8e338f275fd560b07db.jpg,1
false,false,0102,温泉女将一直线,2,日本漫画,"温泉女将一直线漫画 ，CELICA...是传说中不管任何新车都赢不了的街道赛车手，被人唤做“超音速的2T-G”。而且虽然夕香很有原则的坚持着家训。忍人所不能忍，耐人所不能耐。却总有人要让她最终忍无可忍。于是,以飞车的名义，各种离奇怪诞的故事，就在汤之里上演了。 初看名字，《温泉女将一直线》是无论如何，都无法让人联想到和飙车有关的，我初看到这漫画的时候，险些误以为是某部同样描写温泉的H漫了。故事中，因为背景设定，故事情节的需要，多有露点的镜头。（恩，所谓的服务大众吧。），不过，这并不影响其本身的可看性，剧情风格走的是诙谐的搞笑路线。故事都是围绕着来到汤之里或度假或逃亡，或求助的人们而展开的。整个汤之里，不但老板娘不是正常人物。那些女侍们，也都是暴走党出身，在被追杀而无家可归之后，被夕香所收留的人众。夕香带领着这些女孩们，用温泉般温暖的真诚，抚慰着客人们的心灵......... 欢迎在新动漫漫画网观看温泉女将一直线漫画",http://imgs.juheapi.com/comic_xin/5559b8e338f275fd560b07d5.jpg,1
false,false,0103,访问者,2,日本漫画,新人奖短篇,https://firebasestorage.googleapis.com/v0/b/cartoonbook-f83f9.appspot.com/o/cover%2F0103_cover.png?alt=media&token=d1aa43bf-03b5-4895-9e91-93a5f458d1d8,1
false,false,0104,勇午-洞爷湖高峰会篇,2,日本漫画,勇午-洞爷湖高峰会篇漫画 ，国际通缉的恐怖份子．许克尔搭乘的飞机在成田机场降落。警方为了掌握恐怖计画的整个内容而淮许他入境日本。此时，勇午接受了俄罗斯总统前任首席顾问夫人的委託。请他去交涉以防止他遭人杀害──距离洞爷湖G8高峰会开幕还剩下２星期！欢迎在新动漫漫画网观看勇午-洞爷湖高峰会篇漫画,http://imgs.juheapi.com/comic_xin/5559b8e538f275fd560b081d.jpg,1
false,false,0105,厕所里的魔鬼子,2,日本漫画,迷雾重重的魔鬼子为人所知之处 便是在游廊那的女厕所里 厕所里的魔鬼子同学……就在，这里哦！ 备受瞩目的天才漫画家献上的短篇少女系恐怖学园漫画。,https://firebasestorage.googleapis.com/v0/b/cartoonbook-f83f9.appspot.com/o/cover%2F0105_cover.png?alt=media&token=f9dab47c-c2c5-439e-a6c0-a564c35f651e,1
false,false,0106,黑色剪刀,2,日本漫画,卷起名为疯狂的漩涡的意识流故事 ——将日常剪碎。,https://firebasestorage.googleapis.com/v0/b/cartoonbook-f83f9.appspot.com/o/cover%2F0106_cover.png?alt=media&token=8e698938-1a80-49aa-b203-b2ff66dc3161,1
false,false,0107,赌王斗千王,2,日本漫画,"赌王斗千王漫画 ，對人性充滿好奇的江藤到拉斯維加斯觀光時遇上職業賭徒的北島。兩個類型完全不同的人想是不會有任何牽扯,卻奇妙地結成一種亦師亦友的互動關係。他們沒有可以回去的地方,賭場就是他們唯一的生存場所！欢迎在新动漫漫画网观看赌王斗千王漫画",http://imgs.juheapi.com/comic_xin/5559b8e638f275fd560b0862.jpg,1
false,false,0108,小喵叶,2,日本漫画,小喵叶漫画 ，暴君生日快乐~~~~魔法少女奈叶同人，这本事讲述菲特酱面前突然出现了一只长着猫耳的小奈叶的故事~欢迎在新动漫漫画网观看小喵叶漫画,http://imgs.juheapi.com/comic_xin/5559b8e638f275fd560b0864.jpg,1
false,false,0109,洗礼,2,日本漫画,洗礼漫画 ，着名的女明星应为害怕岁月带来的衰老，预备了一个“女儿”，进行换脑手术。十分诡异的题材，但结局是绝对出于意料的。在此卖个关子。虽然题材的诡异和不可思议，但排除所谓换脑手术的可实行性，其余所有的情节安排十分之合理和符合逻辑，这样说的前提是需要读者有绝对仔细的观察力，和细致的阅读。欢迎在新动漫漫画网观看洗礼漫画,http://imgs.juheapi.com/comic_xin/5559b8e738f275fd560b0877.jpg,1
false,false,0110,为食神探,2,日本漫画,为食神探漫画 ，大嚼受害者家中冰箱內的菜肴，细细品尝杀人现场的寿司……吃完再推理，推理完再吃。一个脑筋灵活、思路清晰的大胃王，突破传统框框、别具一格的为食神探！欢迎在新动漫漫画网观看为食神探漫画,http://imgs.juheapi.com/comic_xin/5559b8e638f275fd560b086a.jpg,1
false,false,0111,永远於少女,2,日本漫画,永远於少女漫画，屋簷下的百合靈[百合会汉化],http://imgs.juheapi.com/comic_xin/5559b8e738f275fd560b0882.jpg,1
false,false,0112,异度幻听,2,日本漫画,四季大赏优秀短篇。,https://firebasestorage.googleapis.com/v0/b/cartoonbook-f83f9.appspot.com/o/cover%2F0112_cover.png?alt=media&token=2bddf416-87de-4cd1-9d71-54915e0132a1,1
false,false,0113,昆虫末日R,2,日本漫画,"一家制药公司——帝拜德生化,开发的一种能改变昆虫基因的病毒培奈德病毒,原用意是希望能產生有益的蛋白质,没想到实验结果出乎预期,感染的昆虫成长的异常巨大、兇残,令实验人员不得向政府发布微生物灾害警报。政府第一时间封锁了整个城市,禁止居民进出该区,导致伤亡不断扩大。而政府在处理此事的效率也显得异常迅速。没想到这一切事情的背后隐藏着更重大的阴谋。.....",https://firebasestorage.googleapis.com/v0/b/cartoonbook-f83f9.appspot.com/o/cover%2F0113_cover.png?alt=media&token=8c225b1b-dd69-425a-a1d2-daf058973cd3,1
false,false,0114,星球大战-西斯复仇,2,欧美漫画,星球大战-西斯复仇漫画 ，星战III电影改编小说，同时发行硬壳精装本和有声朗读CD/磁带。作者是Matthew Stover，他写的几本星战小说都以风格黑暗著称，因而被赋予了星战III电影改编小说的重任。和前两部星战电影改编小说一样，星战III电影改编小说也包含了大量未能展现于电影屏幕上的情节。更重要的是，小说将深入剖析角色的内心。欢迎在新动漫漫画网观看星球大战-西斯复仇漫画,http://imgs.juheapi.com/comic_xin/5559b8e738f275fd560b08a1.jpg,1
false,false,0116,皇家特工-解密档案,2,欧美漫画,皇家特工-解密档案漫画 ，是一个关于英国秘密情报局（SIS，又称军情六局MI6）的故事。但是，假如你期待的是007这样的跑车随便开，公款随便花，美女随便上的故事，那么请你不要看这本书，因为这里面没有英俊的孤胆英雄，也没有华丽的追汽车炸基地。在这个后冷战世界，间谍题材仿佛也失去了惊险刺激的迷人光环，还原到了低调而干脆的风格，毕竟这才是“斗篷与匕首”的本色。这篇《解密档案》是一个以香港回归为背景的中篇，但却并没有花笔墨在回归上：交接仪式前几天，SIS驻香港情报站的二号特工被人谋杀。总部于是派人前去调查，案情本身也并不复杂，很快就解决了——但是案件之外，当时当地的张力却超越了故事本身。这是《皇家特工》系列的前传之一，讲的是汤姆·华莱士加入SIS不久的事情——正传里汤姆已经当上科长啦，保罗也如愿以偿的当上了处长，但还是对他一手拉扯大的特勤科抓得非常紧。故事里的“特勤科”一般来说是三人小组，其中的特工以“守护人”为代号。他们的行动并不一定意味着跟踪、窃听、暗杀，可能只是平凡的案件；而且除了敌特、恐怖分子等明显的敌人之外，内部的矛盾和官僚也许才是最要命的。欢迎在新动漫漫画网观看皇家特工-解密档案漫画,http://imgs.juheapi.com/comic_xin/5559b8e738f275fd560b0894.jpg,1
false,false,0117,痞子次五郎,2,日本漫画,痞子次五郎漫画 ，哥哥九州男是休息站之王、弟弟伊三夫是纯真美少年，而身为次男的次五郎是个丑小鸭，但是他能够听车子的声音来猜出汽车的车名。次五郎便因为他对车的过人热诚在无意中被有“泡妞机器”之称的传说中的妖车所选中，成为了妖车的主人，从此他的生活有了翻天覆地的变化。在妖车的帮助下，次五郎有了不少艳遇，但他对汽车的热诚就从未减退，让我们继续欣赏他们(次五郎和妖车)的精彩故事吧……欢迎在新动漫漫画网观看痞子次五郎漫画,http://imgs.juheapi.com/comic_xin/5559b8e838f275fd560b08ae.jpg,1
false,false,0118,怪力乱神,2,日本漫画,怪力乱神漫画 ，是人？是神？是妖？怪童向天怒吼「我是谁！！」 西曆167年；后汉末期，即是临近三国志时代的中国，有一个叫鰥的少年突然出现。他有一种异於常人力量，还将妖怪当做日常食粮。连他也想知道自己究竟是甚么人…鰥为了讨代与天为敌的东西而远行。以新视点去捕捉三国志的世界，真正的中国传奇动作漫画，向着天际傲翔！欢迎在新动漫漫画网观看怪力乱神漫画,http://imgs.juheapi.com/comic_xin/5559b8e838f275fd560b08b0.jpg,1
false,false,0119,莲华传说阿修罗,2,日本漫画,莲华传说阿修罗漫画 ，阿修罗--一个残酷，地狱中才使用的名字，是恶魔还是天使，是正义还是邪恶？这个世界充满了邪恶，但我们总是不能认清楚它，阿修罗就要复活，让世界的人们看清楚，明白，阿修罗即将拯救这个世界的人们...欢迎在新动漫漫画网观看莲华传说阿修罗漫画,http://imgs.juheapi.com/comic_xin/5559b8e838f275fd560b08b5.jpg,1
false,false,0120,美美消失的那天,2,日本漫画,美美消失的那天漫画 ，黑暗向短篇，孩子们的独占欲有时是很恐怖的…兔子引发的餐具……欢迎在新动漫漫画网观看美美消失的那天漫画,http://imgs.juheapi.com/comic_xin/5559b8e838f275fd560b08cb.jpg,1
false,false,0121,不一样的怀旧情结,3,日本漫画,不一样的怀旧情结漫画 ，剧情和画风一样萌萌哒的短篇，设定是竹马，食用愉快欢迎在新动漫漫画网观看不一样的怀旧情结漫画,http://imgs.juheapi.com/comic_xin/5559b90538f275fd560b0dd0.jpg,1
false,false,0122,东方馒头奇谭,3,日本漫画,东方馒头奇谭漫画 ，治愈向本子欢迎在新动漫漫画网观看东方馒头奇谭漫画,http://imgs.juheapi.com/comic_xin/5559b90538f275fd560b0dcf.jpg,1
false,false,0123,报告DAYS,3,日本漫画,报告DAYS漫画 ，恋情绽放的图书馆，开馆。欢迎在新动漫漫画网观看报告DAYS漫画,http://imgs.juheapi.com/comic_xin/5559b90638f275fd560b0e00.jpg,1
false,false,0124,片翼的女神们,3,日本漫画,片翼的女神们漫画 ，孤独的真姬遇见了似乎同样孤独的妮可，并不由自主的为之倾心，但妮可却有着比自己还好的朋友...期待着能和妮可心心相映的真姬有一天却听到难以置信的事实……欢迎在新动漫漫画网观看片翼的女神们漫画,http://imgs.juheapi.com/comic_xin/5559b90638f275fd560b0dff.jpg,1
false,false,0125,金平糖的窘境,3,日本漫画,金平糖的窘境漫画 ，少女与狼人，练习各种各样的事情中......欢迎在新动漫漫画网观看金平糖的窘境漫画,http://imgs.juheapi.com/comic_xin/5559b90638f275fd560b0dfc.jpg,1
false,false,0126,恋爱心情,3,日本漫画,恋爱心情漫画 ，升入高中了，只顾着学习，回首却发现自己孤单一人。好想和朋友聊天，以及谈一场恋爱。欢迎在新动漫漫画网观看恋爱心情漫画,http://imgs.juheapi.com/comic_xin/5559b90638f275fd560b0e17.jpg,1
false,false,0127,在拂晓起舞,3,日本漫画,在拂晓起舞漫画 ，一定要胜利归来，一起在哪拂晓起舞！欢迎在新动漫漫画网观看在拂晓起舞漫画,http://imgs.juheapi.com/comic_xin/5559b90638f275fd560b0e20.jpg,1
false,false,0128,真爱不必找,3,日本漫画,真爱不必找漫画 ，job模特儿．牙科助手．土木建筑商age年过三十，没有结婚的打算name春香．美穗．鹿沼虽然没幻想过要将爱情托付给命运或对方……尽管如此，还是有无法让步的底线。那样的她们代表三十岁左右的女性们诉说许多心声，活出女性自我系列欢迎在新动漫漫画网观看真爱不必找漫画,http://imgs.juheapi.com/comic_xin/5559b90738f275fd560b0e35.jpg,1
false,false,0129,无悔的青春,3,日本漫画,无悔的青春漫画 ，无悔的青春之歌~~欢迎在新动漫漫画网观看无悔的青春漫画,http://imgs.juheapi.com/comic_xin/5559b90738f275fd560b0e30.jpg,1
false,false,0130,我是山本善次朗,3,日本漫画,我是山本善次朗漫画 ，就读小学4年级的步达，在母亲过世后，就跟外婆两人相依為命。可是有一天，步达被一个名叫山本善次朗的人给收养了。事实上，步达拥有能看见幽灵的不可思议力量!?而这个山本善次朗，居然是步达的父亲……欢迎在新动漫漫画网观看我是山本善次朗漫画,http://imgs.juheapi.com/comic_xin/5559b90738f275fd560b0e33.jpg,1
false,false,0131,草莓奶油蛋糕式传染,3,日本漫画,被草莓奶油蛋糕传染，结果竟然回到了弟弟的身体里！,https://firebasestorage.googleapis.com/v0/b/cartoonbook-f83f9.appspot.com/o/cover%2F0131_cover.png?alt=media&token=b41fd2f7-22d2-4e0a-82d4-2f772ef148d7,1
false,false,0132,三万块钱买不到的东西,3,日本漫画,天野老师的一部获奖作品,http://imgs.juheapi.com/comic_xin/5559b90738f275fd560b0e38.jpg,1
false,false,0133,Under,3,日本漫画,暂无介绍,https://firebasestorage.googleapis.com/v0/b/cartoonbook-f83f9.appspot.com/o/cover%2F0133_cover.png?alt=media&token=0bba25ee-f760-438b-a8e2-a73546cf1c6e,1
false,false,0134,春色与君共享,3,日本漫画,春色与君共享漫画 ，班长文芽与问题少年神田有所牵连！？欢迎在新动漫漫画网观看春色与君共享漫画,http://imgs.juheapi.com/comic_xin/5559b90838f275fd560b0e54.jpg,1
false,false,0135,黑猫怪奇俱乐部,3,日本漫画,灵感少女和零感（？）少年， 挺身面对学校裡的诡异事件！ 少年你背后总是跟著一大堆幽灵你知道吗？ 少女你每天面对这麽多幽灵竟然没有崩溃！ 松本老湿大手笔渲染恐怖气氛你感受到了吗？,http://imgs.juheapi.com/comic_xin/5559b90838f275fd560b0e5d.jpg,1
false,false,0136,与樱的约定,3,日本漫画,与樱的约定漫画 ，樱花树变成了龙~欢迎在新动漫漫画网观看与樱的约定漫画,http://imgs.juheapi.com/comic_xin/5559b90838f275fd560b0e67.jpg,1
false,false,0137,魔法少女奈叶StrikerS,3,日本漫画,01:本书的故事基本背景为《As》动画版故事结束的6年后，描述已经15歳的奈叶等人的现状，以及其他角色的相关短篇故事集。可说是将动画版《As》与《StrikerS》剧情之间的空白补完。不过却也有许多漫画中首度出现的资讯，对于与动画版之间的连动，也有相当重要的意义。　　02:本集故事基本背景为《As》动画版的补完环节故事，描述奈叶等人在机动6课的日常生活及动画版最后决战之后的后话，以及后进者与敌对角色的相关短篇故事集。共收录7个单元。(本漫画内容介绍由xindm.cn整理提供),https://firebasestorage.googleapis.com/v0/b/cartoonbook-f83f9.appspot.com/o/cover%2F0137_cover.png?alt=media&token=7ac9be65-f962-45fd-89b0-289d87367ac5,1
false,false,0138,一朵幸福之花,3,日本漫画,一朵幸福之花漫画 ，继幽香把爱丽丝推倒了之后的幽爱。欢迎在新动漫漫画网观看一朵幸福之花漫画,http://imgs.juheapi.com/comic_xin/5559b90938f275fd560b0e87.jpg,1
false,false,0139,变成那个她,3,日本漫画,青梅竹马的玩伴，突然变成了女生。,https://firebasestorage.googleapis.com/v0/b/cartoonbook-f83f9.appspot.com/o/cover%2F0139_cover.png?alt=media&token=bbc22bc7-01a8-4a51-bcc8-742bb44916a8,1
false,false,0141,关於不幸一些无止尽的谬悠之谈,4,日本漫画,一直暗恋着清竹的乌童哥哥，为了引起其注意，抢其女友，在阔别8年的重逢之际，趁其醉酒，居然做出了……,http://imgs.juheapi.com/comic_xin/5559b99838f275fd560b21b3.jpg,1
false,false,0142,非常感应,4,日本漫画,"非常感应漫画 ，大平虎太郎由于有着女孩子般的面孔而在学校常遭到同学的欺负。为此,他转学到堂哥龙太的学校, 原以為就此過著快樂日子的他，卻常遭龍樹的冷漠對待，不知怎地儿时玩伴的龙太对他异常冷淡。幸好遇上了外向并且有超能力的佑太, 可是虎太郎却因此而卷入不平凡的事件中欢迎在新动漫漫画网观看非常感应漫画",http://imgs.juheapi.com/comic_xin/5559b99938f275fd560b21d2.jpg,1
false,false,0143,天使之柩,4,日本漫画,天使之柩漫画 ，被囚禁在数百年历史的古书中的斯特，在古老的遥远异国曾是令人尊敬的神。有一天，黑暗　魔界的巴弗梅特告诉他〝只要将他第一眼所看　见的人类推入不幸的深渊中，那他身上的封印　就可以解除了。〞于是打开那本书的玛丽，也为自己开启了死亡之路…欢迎在新动漫漫画网观看天使之柩漫画,http://imgs.juheapi.com/comic_xin/5559b99938f275fd560b21bd.jpg,1
false,false,0144,stigma,4,日本漫画,"stigma漫画 ，完美的故事。应该算ＢＬ。斯托克和那个他的＂神＂有亲密关系。但是因为他撕毁了那人的相片他们之间也就毁了……可悲！这个故事的构思估计来源于《最游记》里的那句满有玩味的话：你想做谁的太阳？而里面的人物形象则完全融合了《最游记》里四大主角的气质和形象,——真有意思。讲述风格和蕴涵的思想的颓废让人空到哭不出来的感觉…… 欢迎在新动漫漫画网观看stigma漫画",http://imgs.juheapi.com/comic_xin/5559b99a38f275fd560b21e6.jpg,1
false,false,0145,温暖之归宿,4,日本漫画,温暖之归宿漫画 ，讲述分隔两地 在東京從事攝影師的我（健吾）与在農村市政府中從事登門家訪服務工作的瑞人 某次见面发生的小故事欢迎在新动漫漫画网观看温暖之归宿漫画,http://imgs.juheapi.com/comic_xin/5559b99b38f275fd560b21f5.jpg,1
false,false,0146,尚且青涩,4,日本漫画,被误认为是男孩子是常有的事，所以我对此从不介意。直到遇见他————,http://imgs.juheapi.com/comic_xin/5559b99b38f275fd560b2201.jpg,1
false,false,0147,东山道转坠异闻,4,日本漫画,立见平九郎奉命照顾海津藩的少主修理。虽然一只抱着：“这是为了主公”的想法，不过平九郎总是被调皮捣蛋，任性的少主耍的团团转，在束手无策之余萌生退意。只是在和少主相处一段时间后，他发现了受到继母虐待而深受其害的小主人，内心隐藏着寂寞。当平九郎渐渐察觉自己喜欢上了修理，他会……！？贯彻自己专一爱情的随从，与纯真，帅直的小少主所交织而成的另一段爱情故事。(本漫画内容介绍由xindm.cn整理提供),http://imgs.juheapi.com/comic_xin/5559b99c38f275fd560b2213.jpg,1
false,false,0148,雨中的你我,4,日本漫画,雨中的你我漫画 ，今天也在下雨……欢迎在新动漫漫画网观看雨中的你我漫画,http://imgs.juheapi.com/comic_xin/5559b99b38f275fd560b2207.jpg,1
false,false,0149,悲谧,4,韩国漫画,悲谧漫画 ，关于秘密守护者的故事欢迎在新动漫漫画网观看悲谧漫画,http://imgs.juheapi.com/comic_xin/5559b99d38f275fd560b2241.jpg,1
false,false,0150,Toxic剧毒黑蔷薇,4,日本漫画,Toxic剧毒黑蔷薇漫画 ，背景是第三次世界大战后，世界统一政府成立已届十年，热爱美与秩序的总统艾尔伯特．罗杰谬拉，成立了以「黑蔷薇」为名的特别亲卫队，要求绝对的忠诚、绝对的秩序…以及绝对的美。不满罗杰谬拉作为的军医上校大神基次郎，处心积虑让养子路加进入特别亲卫队，有著出众美貌的路加，带著浑身的「毒」，要进行暗杀「恶魔」的任务……欢迎在新动漫漫画网观看Toxic剧毒黑蔷薇漫画,http://imgs.juheapi.com/comic_xin/5559b99e38f275fd560b2249.jpg,1
false,false,0151,成人的问题,4,日本漫画,顾名思义主角们都已经是成年人了，甚至是四十多岁的欧吉桑。虽然以一对男同性恋结婚引发一连串事件为故事开端，但述说故事的却是个异性恋的青年，透过这个青年的眼睛来看他周遭以及他自己所遭遇到的，这些男男女女的感情发展。 　　不是王子爱上王子结婚后就没事了，同性恋也是生活在一般人的世界里啊。仿佛可以看到今市子笑着说。 　　长得清爽帅气，但爱说谎嘴巴又坏的海老悟郎，与主角原岛直人的父亲结婚了。看似由他们引发的一连串事件，实际上却是每个人自己的问题。因为无法诚实面对自己的问题，所以就把一切过错都推到同性恋夫妻的身上。「你想说那全是我的错吗？没错！都是我的错！抱歉啊！」悟郎生气地甩上门。 　　悟郎的哥哥—自以为是的菁英海老一，总是一味地将自己的想法强加在别人身上；悟郎的姊姊们，个性暴力又自我，却认定自己嫁不出去是同性恋弟弟的关系；直人不敢跟女友坦承自己的爸爸是同性恋，烦恼得得了圆形秃……这么多人这么多问题，热热闹闹地在他们周遭发生，可是啊，真不愧是今市子，在这一片混乱之中，其实最正常最甜蜜的，反而是这一对同性恋夫妻。(本漫画内容介绍由xindm.cn整理提供),http://imgs.juheapi.com/comic_xin/5559b99e38f275fd560b2260.jpg,1
false,false,0152,特级甜点,4,日本漫画,特级甜点漫画 ，喜欢吃甜点的吉川 经常收到学校女生送的甜食 但他却并不对任何女生动心 某一天 他遇到了同样受女生欢迎 经常收到点心的千岁......欢迎在新动漫漫画网观看特级甜点漫画,http://imgs.juheapi.com/comic_xin/5559b99d38f275fd560b2243.jpg,1
false,false,0153,相爱太早,4,日本漫画,"相爱太早漫画 ，小时候,修常和小他两岁的表弟道隆玩在一起。然而随着年纪渐长,关系也慢慢疏远了。却因着亲戚的婚礼,两人再度相逢,也唤醒了修在大学时代,曾和道隆发生肉体关系的记忆。藉着酒醉,两人的躯体再度结合在一起 这份感情,究竟是从何而来呢？正因彼此有血缘关系,修和道隆感受到双重的罪恶感...... 欢迎在新动漫漫画网观看相爱太早漫画",http://imgs.juheapi.com/comic_xin/5559b99e38f275fd560b2256.jpg,1
false,false,0154,阴阳师绘卷-白龙之卷,4,日本漫画,阴阳师绘卷-白龙之卷漫画 ，暂无介绍欢迎在新动漫漫画网观看阴阳师绘卷-白龙之卷漫画,http://imgs.juheapi.com/comic_xin/5559b99d38f275fd560b2244.jpg,1
false,false,0155,KAMUI,4,日本漫画,"KAMUI漫画 ，人类和精灵是共生共荣的,地球万物都有精灵存在~直到人类因为科学发展而忘记这份牵绊,开始破坏自然万物。於是在毁灭性的大地震后,精灵再度降临了……未来世纪的奇幻传说！一个被精灵所舍弃的人类世界！一位被赋予找回奇蹟使命的少年！欢迎在新动漫漫画网观看KAMUI漫画",http://imgs.juheapi.com/comic_xin/5559b99f38f275fd560b2273.jpg,1
false,false,0156,夏之涯,4,日本漫画,青春系短篇#夏之涯#那是比世上一切感情都要纯粹的思念 是我心中最宝贵的记忆 我想要你的镜头里只有我的特写……盛夏青春物语 有些别扭又有些温暖 男孩之间清澈纯洁（笑）的友情小故事,http://imgs.juheapi.com/comic_xin/5559b99f38f275fd560b227c.jpg,1
false,false,0157,Lost and Found,4,日本漫画,孑然一身的青年，以某事件为契机，竟邂逅了两名与众不同的男人！！以伦敦为舞台登场的推理事件薄开幕！！,http://imgs.juheapi.com/comic_xin/5559b9a038f275fd560b2291.jpg,1
false,false,0158,一席望川,4,国漫,漫客栈经典短篇之一~值得一看！我们将在第一时间为您更新一席望川漫画，并提供最新、最权威的一席望川漫画资料、情报和剧情分析。一席望川漫画全集在线看就来新动漫漫画网!,http://imgs.juheapi.com/comic_xin/5559b9a038f275fd560b2294.jpg,1
false,false,0159,阴阳师绘卷-黑龙之卷,4,日本漫画,阴阳师绘卷-黑龙之卷漫画 ，暂无介绍欢迎在新动漫漫画网观看阴阳师绘卷-黑龙之卷漫画,http://imgs.juheapi.com/comic_xin/5559b9a038f275fd560b2292.jpg,1
false,false,0160,苦涩的伤痛,4,日本漫画,我看画风还行= =......就酱.........,http://imgs.juheapi.com/comic_xin/5559b9a038f275fd560b2298.jpg,1