0001,1,http://imgs.juheapi.com/comic_xin/y8DJ8bCuwPbLvw==/170009/0-MTcwMDA5MA==.jpg
0001,2,http://imgs.juheapi.com/comic_xin/y8DJ8bCuwPbLvw==/170009/1-MTcwMDA5MQ==.jpg
0001,3,http://imgs.juheapi.com/comic_xin/y8DJ8bCuwPbLvw==/170009/2-MTcwMDA5Mg==.jpg
0001,4,http://imgs.juheapi.com/comic_xin/y8DJ8bCuwPbLvw==/170009/3-MTcwMDA5Mw==.jpg
0001,5,http://imgs.juheapi.com/comic_xin/y8DJ8bCuwPbLvw==/170009/4-MTcwMDA5NA==.jpg
0001,6,http://imgs.juheapi.com/comic_xin/y8DJ8bCuwPbLvw==/170009/5-MTcwMDA5NQ==.jpg
0001,7,http://imgs.juheapi.com/comic_xin/y8DJ8bCuwPbLvw==/170009/6-MTcwMDA5Ng==.jpg
0001,8,http://imgs.juheapi.com/comic_xin/y8DJ8bCuwPbLvw==/170009/7-MTcwMDA5Nw==.jpg
0001,9,http://imgs.juheapi.com/comic_xin/y8DJ8bCuwPbLvw==/170009/8-MTcwMDA5OA==.jpg
0001,10,http://imgs.juheapi.com/comic_xin/y8DJ8bCuwPbLvw==/170009/9-MTcwMDA5OQ==.jpg
0001,11,http://imgs.juheapi.com/comic_xin/y8DJ8bCuwPbLvw==/170009/10-MTcwMDA5MTA=.jpg
0001,12,http://imgs.juheapi.com/comic_xin/y8DJ8bCuwPbLvw==/170009/11-MTcwMDA5MTE=.jpg
0001,13,http://imgs.juheapi.com/comic_xin/y8DJ8bCuwPbLvw==/170009/12-MTcwMDA5MTI=.jpg
0001,14,http://imgs.juheapi.com/comic_xin/y8DJ8bCuwPbLvw==/170009/13-MTcwMDA5MTM=.jpg
0001,15,http://imgs.juheapi.com/comic_xin/y8DJ8bCuwPbLvw==/170009/14-MTcwMDA5MTQ=.jpg
0001,16,http://imgs.juheapi.com/comic_xin/y8DJ8bCuwPbLvw==/170009/15-MTcwMDA5MTU=.jpg
0001,17,http://imgs.juheapi.com/comic_xin/y8DJ8bCuwPbLvw==/170009/16-MTcwMDA5MTY=.jpg
0001,18,http://imgs.juheapi.com/comic_xin/y8DJ8bCuwPbLvw==/170009/17-MTcwMDA5MTc=.jpg
0001,19,http://imgs.juheapi.com/comic_xin/y8DJ8bCuwPbLvw==/170009/18-MTcwMDA5MTg=.jpg
0001,20,http://imgs.juheapi.com/comic_xin/y8DJ8bCuwPbLvw==/170009/19-MTcwMDA5MTk=.jpg
0001,21,http://imgs.juheapi.com/comic_xin/y8DJ8bCuwPbLvw==/170009/20-MTcwMDA5MjA=.jpg
0001,22,http://imgs.juheapi.com/comic_xin/y8DJ8bCuwPbLvw==/170009/21-MTcwMDA5MjE=.jpg
0001,23,http://imgs.juheapi.com/comic_xin/y8DJ8bCuwPbLvw==/170009/22-MTcwMDA5MjI=.jpg
0001,24,http://imgs.juheapi.com/comic_xin/y8DJ8bCuwPbLvw==/170009/23-MTcwMDA5MjM=.jpg
0001,25,http://imgs.juheapi.com/comic_xin/y8DJ8bCuwPbLvw==/170009/24-MTcwMDA5MjQ=.jpg
0001,26,http://imgs.juheapi.com/comic_xin/y8DJ8bCuwPbLvw==/170009/25-MTcwMDA5MjU=.jpg
0001,27,http://imgs.juheapi.com/comic_xin/y8DJ8bCuwPbLvw==/170009/26-MTcwMDA5MjY=.jpg
0001,28,http://imgs.juheapi.com/comic_xin/y8DJ8bCuwPbLvw==/170009/27-MTcwMDA5Mjc=.jpg
0001,29,http://imgs.juheapi.com/comic_xin/y8DJ8bCuwPbLvw==/170009/28-MTcwMDA5Mjg=.jpg
0001,30,http://imgs.juheapi.com/comic_xin/y8DJ8bCuwPbLvw==/170009/29-MTcwMDA5Mjk=.jpg
0001,31,http://imgs.juheapi.com/comic_xin/y8DJ8bCuwPbLvw==/170009/30-MTcwMDA5MzA=.jpg
0001,32,http://imgs.juheapi.com/comic_xin/y8DJ8bCuwPbLvw==/170009/31-MTcwMDA5MzE=.jpg
0001,33,http://imgs.juheapi.com/comic_xin/y8DJ8bCuwPbLvw==/170009/32-MTcwMDA5MzI=.jpg
0001,34,http://imgs.juheapi.com/comic_xin/y8DJ8bCuwPbLvw==/170009/33-MTcwMDA5MzM=.jpg
0001,35,http://imgs.juheapi.com/comic_xin/y8DJ8bCuwPbLvw==/170009/34-MTcwMDA5MzQ=.jpg
0002,1,http://imgs.juheapi.com/comic_xin/y8DJ8bCuwPbLvw==/170011/0-MTcwMDExMA==.jpg
0002,2,http://imgs.juheapi.com/comic_xin/y8DJ8bCuwPbLvw==/170011/1-MTcwMDExMQ==.jpg
0002,3,http://imgs.juheapi.com/comic_xin/y8DJ8bCuwPbLvw==/170011/2-MTcwMDExMg==.jpg
0002,4,http://imgs.juheapi.com/comic_xin/y8DJ8bCuwPbLvw==/170011/3-MTcwMDExMw==.jpg
0002,5,http://imgs.juheapi.com/comic_xin/y8DJ8bCuwPbLvw==/170011/4-MTcwMDExNA==.jpg
0002,6,http://imgs.juheapi.com/comic_xin/y8DJ8bCuwPbLvw==/170011/5-MTcwMDExNQ==.jpg
0002,7,http://imgs.juheapi.com/comic_xin/y8DJ8bCuwPbLvw==/170011/6-MTcwMDExNg==.jpg
0002,8,http://imgs.juheapi.com/comic_xin/y8DJ8bCuwPbLvw==/170011/7-MTcwMDExNw==.jpg
0002,9,http://imgs.juheapi.com/comic_xin/y8DJ8bCuwPbLvw==/170011/8-MTcwMDExOA==.jpg
0002,10,http://imgs.juheapi.com/comic_xin/y8DJ8bCuwPbLvw==/170011/9-MTcwMDExOQ==.jpg
0002,11,http://imgs.juheapi.com/comic_xin/y8DJ8bCuwPbLvw==/170011/10-MTcwMDExMTA=.jpg
0002,12,http://imgs.juheapi.com/comic_xin/y8DJ8bCuwPbLvw==/170011/11-MTcwMDExMTE=.jpg
0002,13,http://imgs.juheapi.com/comic_xin/y8DJ8bCuwPbLvw==/170011/12-MTcwMDExMTI=.jpg
0002,14,http://imgs.juheapi.com/comic_xin/y8DJ8bCuwPbLvw==/170011/13-MTcwMDExMTM=.jpg
0002,15,http://imgs.juheapi.com/comic_xin/y8DJ8bCuwPbLvw==/170011/14-MTcwMDExMTQ=.jpg
0002,16,http://imgs.juheapi.com/comic_xin/y8DJ8bCuwPbLvw==/170011/15-MTcwMDExMTU=.jpg
0002,17,http://imgs.juheapi.com/comic_xin/y8DJ8bCuwPbLvw==/170011/16-MTcwMDExMTY=.jpg
0002,18,http://imgs.juheapi.com/comic_xin/y8DJ8bCuwPbLvw==/170011/17-MTcwMDExMTc=.jpg
0002,19,http://imgs.juheapi.com/comic_xin/y8DJ8bCuwPbLvw==/170011/18-MTcwMDExMTg=.jpg
0002,20,http://imgs.juheapi.com/comic_xin/y8DJ8bCuwPbLvw==/170011/19-MTcwMDExMTk=.jpg
0002,21,http://imgs.juheapi.com/comic_xin/y8DJ8bCuwPbLvw==/170011/20-MTcwMDExMjA=.jpg
0002,22,http://imgs.juheapi.com/comic_xin/y8DJ8bCuwPbLvw==/170011/21-MTcwMDExMjE=.jpg
0002,23,http://imgs.juheapi.com/comic_xin/y8DJ8bCuwPbLvw==/170011/22-MTcwMDExMjI=.jpg
0002,24,http://imgs.juheapi.com/comic_xin/y8DJ8bCuwPbLvw==/170011/23-MTcwMDExMjM=.jpg
0002,25,http://imgs.juheapi.com/comic_xin/y8DJ8bCuwPbLvw==/170011/24-MTcwMDExMjQ=.jpg
0002,26,http://imgs.juheapi.com/comic_xin/y8DJ8bCuwPbLvw==/170011/25-MTcwMDExMjU=.jpg
0002,27,http://imgs.juheapi.com/comic_xin/y8DJ8bCuwPbLvw==/170011/26-MTcwMDExMjY=.jpg
0003,1,http://imgs.juheapi.com/comic_xin/y8DJ8bCuwPbLvw==/170013/0-MTcwMDEzMA==.jpg
0003,2,http://imgs.juheapi.com/comic_xin/y8DJ8bCuwPbLvw==/170013/1-MTcwMDEzMQ==.jpg
0003,3,http://imgs.juheapi.com/comic_xin/y8DJ8bCuwPbLvw==/170013/2-MTcwMDEzMg==.jpg
0003,4,http://imgs.juheapi.com/comic_xin/y8DJ8bCuwPbLvw==/170013/3-MTcwMDEzMw==.jpg
0003,5,http://imgs.juheapi.com/comic_xin/y8DJ8bCuwPbLvw==/170013/4-MTcwMDEzNA==.jpg
0003,6,http://imgs.juheapi.com/comic_xin/y8DJ8bCuwPbLvw==/170013/5-MTcwMDEzNQ==.jpg
0003,7,http://imgs.juheapi.com/comic_xin/y8DJ8bCuwPbLvw==/170013/6-MTcwMDEzNg==.jpg
0003,8,http://imgs.juheapi.com/comic_xin/y8DJ8bCuwPbLvw==/170013/7-MTcwMDEzNw==.jpg
0003,9,http://imgs.juheapi.com/comic_xin/y8DJ8bCuwPbLvw==/170013/8-MTcwMDEzOA==.jpg
0003,10,http://imgs.juheapi.com/comic_xin/y8DJ8bCuwPbLvw==/170013/9-MTcwMDEzOQ==.jpg
0003,11,http://imgs.juheapi.com/comic_xin/y8DJ8bCuwPbLvw==/170013/10-MTcwMDEzMTA=.jpg
0003,12,http://imgs.juheapi.com/comic_xin/y8DJ8bCuwPbLvw==/170013/11-MTcwMDEzMTE=.jpg
0003,13,http://imgs.juheapi.com/comic_xin/y8DJ8bCuwPbLvw==/170013/12-MTcwMDEzMTI=.jpg
0003,14,http://imgs.juheapi.com/comic_xin/y8DJ8bCuwPbLvw==/170013/13-MTcwMDEzMTM=.jpg
0003,15,http://imgs.juheapi.com/comic_xin/y8DJ8bCuwPbLvw==/170013/14-MTcwMDEzMTQ=.jpg
0003,16,http://imgs.juheapi.com/comic_xin/y8DJ8bCuwPbLvw==/170013/15-MTcwMDEzMTU=.jpg
0003,17,http://imgs.juheapi.com/comic_xin/y8DJ8bCuwPbLvw==/170013/16-MTcwMDEzMTY=.jpg
0003,18,http://imgs.juheapi.com/comic_xin/y8DJ8bCuwPbLvw==/170013/17-MTcwMDEzMTc=.jpg
0003,19,http://imgs.juheapi.com/comic_xin/y8DJ8bCuwPbLvw==/170013/18-MTcwMDEzMTg=.jpg
0003,20,http://imgs.juheapi.com/comic_xin/y8DJ8bCuwPbLvw==/170013/19-MTcwMDEzMTk=.jpg
0003,21,http://imgs.juheapi.com/comic_xin/y8DJ8bCuwPbLvw==/170013/20-MTcwMDEzMjA=.jpg
0003,22,http://imgs.juheapi.com/comic_xin/y8DJ8bCuwPbLvw==/170013/21-MTcwMDEzMjE=.jpg
0003,23,http://imgs.juheapi.com/comic_xin/y8DJ8bCuwPbLvw==/170013/22-MTcwMDEzMjI=.jpg
0003,24,http://imgs.juheapi.com/comic_xin/y8DJ8bCuwPbLvw==/170013/23-MTcwMDEzMjM=.jpg
0003,25,http://imgs.juheapi.com/comic_xin/y8DJ8bCuwPbLvw==/170013/24-MTcwMDEzMjQ=.jpg
0003,26,http://imgs.juheapi.com/comic_xin/y8DJ8bCuwPbLvw==/170013/25-MTcwMDEzMjU=.jpg
0003,27,http://imgs.juheapi.com/comic_xin/y8DJ8bCuwPbLvw==/170013/26-MTcwMDEzMjY=.jpg
0003,28,http://imgs.juheapi.com/comic_xin/y8DJ8bCuwPbLvw==/170013/27-MTcwMDEzMjc=.jpg
0004,1,http://imgs.juheapi.com/comic_xin/y8DJ8bCuwPbLvw==/170015/0-MTcwMDE1MA==.jpg
0004,2,http://imgs.juheapi.com/comic_xin/y8DJ8bCuwPbLvw==/170015/1-MTcwMDE1MQ==.jpg
0004,3,http://imgs.juheapi.com/comic_xin/y8DJ8bCuwPbLvw==/170015/2-MTcwMDE1Mg==.jpg
0004,4,http://imgs.juheapi.com/comic_xin/y8DJ8bCuwPbLvw==/170015/3-MTcwMDE1Mw==.jpg
0004,5,http://imgs.juheapi.com/comic_xin/y8DJ8bCuwPbLvw==/170015/4-MTcwMDE1NA==.jpg
0004,6,http://imgs.juheapi.com/comic_xin/y8DJ8bCuwPbLvw==/170015/5-MTcwMDE1NQ==.jpg
0004,7,http://imgs.juheapi.com/comic_xin/y8DJ8bCuwPbLvw==/170015/6-MTcwMDE1Ng==.jpg
0004,8,http://imgs.juheapi.com/comic_xin/y8DJ8bCuwPbLvw==/170015/7-MTcwMDE1Nw==.jpg
0004,9,http://imgs.juheapi.com/comic_xin/y8DJ8bCuwPbLvw==/170015/8-MTcwMDE1OA==.jpg
0004,10,http://imgs.juheapi.com/comic_xin/y8DJ8bCuwPbLvw==/170015/9-MTcwMDE1OQ==.jpg
0004,11,http://imgs.juheapi.com/comic_xin/y8DJ8bCuwPbLvw==/170015/10-MTcwMDE1MTA=.jpg
0004,12,http://imgs.juheapi.com/comic_xin/y8DJ8bCuwPbLvw==/170015/11-MTcwMDE1MTE=.jpg
0004,13,http://imgs.juheapi.com/comic_xin/y8DJ8bCuwPbLvw==/170015/12-MTcwMDE1MTI=.jpg
0004,14,http://imgs.juheapi.com/comic_xin/y8DJ8bCuwPbLvw==/170015/13-MTcwMDE1MTM=.jpg
0004,15,http://imgs.juheapi.com/comic_xin/y8DJ8bCuwPbLvw==/170015/14-MTcwMDE1MTQ=.jpg
0004,16,http://imgs.juheapi.com/comic_xin/y8DJ8bCuwPbLvw==/170015/15-MTcwMDE1MTU=.jpg
0004,17,http://imgs.juheapi.com/comic_xin/y8DJ8bCuwPbLvw==/170015/16-MTcwMDE1MTY=.jpg
0004,18,http://imgs.juheapi.com/comic_xin/y8DJ8bCuwPbLvw==/170015/17-MTcwMDE1MTc=.jpg
0004,19,http://imgs.juheapi.com/comic_xin/y8DJ8bCuwPbLvw==/170015/18-MTcwMDE1MTg=.jpg
0004,20,http://imgs.juheapi.com/comic_xin/y8DJ8bCuwPbLvw==/170015/19-MTcwMDE1MTk=.jpg
0004,21,http://imgs.juheapi.com/comic_xin/y8DJ8bCuwPbLvw==/170015/20-MTcwMDE1MjA=.jpg
0004,22,http://imgs.juheapi.com/comic_xin/y8DJ8bCuwPbLvw==/170015/21-MTcwMDE1MjE=.jpg
0004,23,http://imgs.juheapi.com/comic_xin/y8DJ8bCuwPbLvw==/170015/22-MTcwMDE1MjI=.jpg
0004,24,http://imgs.juheapi.com/comic_xin/y8DJ8bCuwPbLvw==/170015/23-MTcwMDE1MjM=.jpg
0004,25,http://imgs.juheapi.com/comic_xin/y8DJ8bCuwPbLvw==/170015/24-MTcwMDE1MjQ=.jpg
0004,26,http://imgs.juheapi.com/comic_xin/y8DJ8bCuwPbLvw==/170015/25-MTcwMDE1MjU=.jpg
0004,27,http://imgs.juheapi.com/comic_xin/y8DJ8bCuwPbLvw==/170015/26-MTcwMDE1MjY=.jpg
0005,1,http://imgs.juheapi.com/comic_xin/y8DJ8bCuwPbLvw==/170017/0-MTcwMDE3MA==.jpg
0005,2,http://imgs.juheapi.com/comic_xin/y8DJ8bCuwPbLvw==/170017/1-MTcwMDE3MQ==.jpg
0005,3,http://imgs.juheapi.com/comic_xin/y8DJ8bCuwPbLvw==/170017/2-MTcwMDE3Mg==.jpg
0005,4,http://imgs.juheapi.com/comic_xin/y8DJ8bCuwPbLvw==/170017/3-MTcwMDE3Mw==.jpg
0005,5,http://imgs.juheapi.com/comic_xin/y8DJ8bCuwPbLvw==/170017/4-MTcwMDE3NA==.jpg
0005,6,http://imgs.juheapi.com/comic_xin/y8DJ8bCuwPbLvw==/170017/5-MTcwMDE3NQ==.jpg
0005,7,http://imgs.juheapi.com/comic_xin/y8DJ8bCuwPbLvw==/170017/6-MTcwMDE3Ng==.jpg
0005,8,http://imgs.juheapi.com/comic_xin/y8DJ8bCuwPbLvw==/170017/7-MTcwMDE3Nw==.jpg
0005,9,http://imgs.juheapi.com/comic_xin/y8DJ8bCuwPbLvw==/170017/8-MTcwMDE3OA==.jpg
0005,10,http://imgs.juheapi.com/comic_xin/y8DJ8bCuwPbLvw==/170017/9-MTcwMDE3OQ==.jpg
0005,11,http://imgs.juheapi.com/comic_xin/y8DJ8bCuwPbLvw==/170017/10-MTcwMDE3MTA=.jpg
0005,12,http://imgs.juheapi.com/comic_xin/y8DJ8bCuwPbLvw==/170017/11-MTcwMDE3MTE=.jpg
0005,13,http://imgs.juheapi.com/comic_xin/y8DJ8bCuwPbLvw==/170017/12-MTcwMDE3MTI=.jpg
0005,14,http://imgs.juheapi.com/comic_xin/y8DJ8bCuwPbLvw==/170017/13-MTcwMDE3MTM=.jpg
0005,15,http://imgs.juheapi.com/comic_xin/y8DJ8bCuwPbLvw==/170017/14-MTcwMDE3MTQ=.jpg
0005,16,http://imgs.juheapi.com/comic_xin/y8DJ8bCuwPbLvw==/170017/15-MTcwMDE3MTU=.jpg
0005,17,http://imgs.juheapi.com/comic_xin/y8DJ8bCuwPbLvw==/170017/16-MTcwMDE3MTY=.jpg
0005,18,http://imgs.juheapi.com/comic_xin/y8DJ8bCuwPbLvw==/170017/17-MTcwMDE3MTc=.jpg
0005,19,http://imgs.juheapi.com/comic_xin/y8DJ8bCuwPbLvw==/170017/18-MTcwMDE3MTg=.jpg
0005,20,http://imgs.juheapi.com/comic_xin/y8DJ8bCuwPbLvw==/170017/19-MTcwMDE3MTk=.jpg
0005,21,http://imgs.juheapi.com/comic_xin/y8DJ8bCuwPbLvw==/170017/20-MTcwMDE3MjA=.jpg
0005,22,http://imgs.juheapi.com/comic_xin/y8DJ8bCuwPbLvw==/170017/21-MTcwMDE3MjE=.jpg
0005,23,http://imgs.juheapi.com/comic_xin/y8DJ8bCuwPbLvw==/170017/22-MTcwMDE3MjI=.jpg
0005,24,http://imgs.juheapi.com/comic_xin/y8DJ8bCuwPbLvw==/170017/23-MTcwMDE3MjM=.jpg
0005,25,http://imgs.juheapi.com/comic_xin/y8DJ8bCuwPbLvw==/170017/24-MTcwMDE3MjQ=.jpg
0005,26,http://imgs.juheapi.com/comic_xin/y8DJ8bCuwPbLvw==/170017/25-MTcwMDE3MjU=.jpg
0005,27,http://imgs.juheapi.com/comic_xin/y8DJ8bCuwPbLvw==/170017/26-MTcwMDE3MjY=.jpg
0005,28,http://imgs.juheapi.com/comic_xin/y8DJ8bCuwPbLvw==/170017/27-MTcwMDE3Mjc=.jpg
0005,29,http://imgs.juheapi.com/comic_xin/y8DJ8bCuwPbLvw==/170017/28-MTcwMDE3Mjg=.jpg
0005,30,http://imgs.juheapi.com/comic_xin/y8DJ8bCuwPbLvw==/170017/29-MTcwMDE3Mjk=.jpg
0005,31,http://imgs.juheapi.com/comic_xin/y8DJ8bCuwPbLvw==/170017/30-MTcwMDE3MzA=.jpg
0005,32,http://imgs.juheapi.com/comic_xin/y8DJ8bCuwPbLvw==/170017/31-MTcwMDE3MzE=.jpg
0005,33,http://imgs.juheapi.com/comic_xin/y8DJ8bCuwPbLvw==/170017/32-MTcwMDE3MzI=.jpg
0005,34,http://imgs.juheapi.com/comic_xin/y8DJ8bCuwPbLvw==/170017/33-MTcwMDE3MzM=.jpg
0006,1,http://imgs.juheapi.com/comic_xin/y8DJ8bCuwPbLvw==/170019/0-MTcwMDE5MA==.jpg
0006,2,http://imgs.juheapi.com/comic_xin/y8DJ8bCuwPbLvw==/170019/1-MTcwMDE5MQ==.jpg
0006,3,http://imgs.juheapi.com/comic_xin/y8DJ8bCuwPbLvw==/170019/2-MTcwMDE5Mg==.jpg
0006,4,http://imgs.juheapi.com/comic_xin/y8DJ8bCuwPbLvw==/170019/3-MTcwMDE5Mw==.jpg
0006,5,http://imgs.juheapi.com/comic_xin/y8DJ8bCuwPbLvw==/170019/4-MTcwMDE5NA==.jpg
0006,6,http://imgs.juheapi.com/comic_xin/y8DJ8bCuwPbLvw==/170019/5-MTcwMDE5NQ==.jpg
0006,7,http://imgs.juheapi.com/comic_xin/y8DJ8bCuwPbLvw==/170019/6-MTcwMDE5Ng==.jpg
0006,8,http://imgs.juheapi.com/comic_xin/y8DJ8bCuwPbLvw==/170019/7-MTcwMDE5Nw==.jpg
0006,9,http://imgs.juheapi.com/comic_xin/y8DJ8bCuwPbLvw==/170019/8-MTcwMDE5OA==.jpg
0006,10,http://imgs.juheapi.com/comic_xin/y8DJ8bCuwPbLvw==/170019/9-MTcwMDE5OQ==.jpg
0006,11,http://imgs.juheapi.com/comic_xin/y8DJ8bCuwPbLvw==/170019/10-MTcwMDE5MTA=.jpg
0006,12,http://imgs.juheapi.com/comic_xin/y8DJ8bCuwPbLvw==/170019/11-MTcwMDE5MTE=.jpg
0006,13,http://imgs.juheapi.com/comic_xin/y8DJ8bCuwPbLvw==/170019/12-MTcwMDE5MTI=.jpg
0006,14,http://imgs.juheapi.com/comic_xin/y8DJ8bCuwPbLvw==/170019/13-MTcwMDE5MTM=.jpg
0006,15,http://imgs.juheapi.com/comic_xin/y8DJ8bCuwPbLvw==/170019/14-MTcwMDE5MTQ=.jpg
0006,16,http://imgs.juheapi.com/comic_xin/y8DJ8bCuwPbLvw==/170019/15-MTcwMDE5MTU=.jpg
0006,17,http://imgs.juheapi.com/comic_xin/y8DJ8bCuwPbLvw==/170019/16-MTcwMDE5MTY=.jpg
0006,18,http://imgs.juheapi.com/comic_xin/y8DJ8bCuwPbLvw==/170019/17-MTcwMDE5MTc=.jpg
0006,19,http://imgs.juheapi.com/comic_xin/y8DJ8bCuwPbLvw==/170019/18-MTcwMDE5MTg=.jpg
0006,20,http://imgs.juheapi.com/comic_xin/y8DJ8bCuwPbLvw==/170019/19-MTcwMDE5MTk=.jpg
0006,21,http://imgs.juheapi.com/comic_xin/y8DJ8bCuwPbLvw==/170019/20-MTcwMDE5MjA=.jpg
0006,22,http://imgs.juheapi.com/comic_xin/y8DJ8bCuwPbLvw==/170019/21-MTcwMDE5MjE=.jpg
0006,23,http://imgs.juheapi.com/comic_xin/y8DJ8bCuwPbLvw==/170019/22-MTcwMDE5MjI=.jpg
0006,24,http://imgs.juheapi.com/comic_xin/y8DJ8bCuwPbLvw==/170019/23-MTcwMDE5MjM=.jpg
0007,1,http://imgs.juheapi.com/comic_xin/y8DJ8bCuwPbLvw==/170020/0-MTcwMDIwMA==.jpg
0007,2,http://imgs.juheapi.com/comic_xin/y8DJ8bCuwPbLvw==/170020/1-MTcwMDIwMQ==.jpg
0007,3,http://imgs.juheapi.com/comic_xin/y8DJ8bCuwPbLvw==/170020/2-MTcwMDIwMg==.jpg
0007,4,http://imgs.juheapi.com/comic_xin/y8DJ8bCuwPbLvw==/170020/3-MTcwMDIwMw==.jpg
0007,5,http://imgs.juheapi.com/comic_xin/y8DJ8bCuwPbLvw==/170020/4-MTcwMDIwNA==.jpg
0007,6,http://imgs.juheapi.com/comic_xin/y8DJ8bCuwPbLvw==/170020/5-MTcwMDIwNQ==.jpg
0007,7,http://imgs.juheapi.com/comic_xin/y8DJ8bCuwPbLvw==/170020/6-MTcwMDIwNg==.jpg
0007,8,http://imgs.juheapi.com/comic_xin/y8DJ8bCuwPbLvw==/170020/7-MTcwMDIwNw==.jpg
0007,9,http://imgs.juheapi.com/comic_xin/y8DJ8bCuwPbLvw==/170020/8-MTcwMDIwOA==.jpg
0007,10,http://imgs.juheapi.com/comic_xin/y8DJ8bCuwPbLvw==/170020/9-MTcwMDIwOQ==.jpg
0007,11,http://imgs.juheapi.com/comic_xin/y8DJ8bCuwPbLvw==/170020/10-MTcwMDIwMTA=.jpg
0007,12,http://imgs.juheapi.com/comic_xin/y8DJ8bCuwPbLvw==/170020/11-MTcwMDIwMTE=.jpg
0007,13,http://imgs.juheapi.com/comic_xin/y8DJ8bCuwPbLvw==/170020/12-MTcwMDIwMTI=.jpg
0007,14,http://imgs.juheapi.com/comic_xin/y8DJ8bCuwPbLvw==/170020/13-MTcwMDIwMTM=.jpg
0007,15,http://imgs.juheapi.com/comic_xin/y8DJ8bCuwPbLvw==/170020/14-MTcwMDIwMTQ=.jpg
0007,16,http://imgs.juheapi.com/comic_xin/y8DJ8bCuwPbLvw==/170020/15-MTcwMDIwMTU=.jpg
0007,17,http://imgs.juheapi.com/comic_xin/y8DJ8bCuwPbLvw==/170020/16-MTcwMDIwMTY=.jpg
0007,18,http://imgs.juheapi.com/comic_xin/y8DJ8bCuwPbLvw==/170020/17-MTcwMDIwMTc=.jpg
0007,19,http://imgs.juheapi.com/comic_xin/y8DJ8bCuwPbLvw==/170020/18-MTcwMDIwMTg=.jpg
0007,20,http://imgs.juheapi.com/comic_xin/y8DJ8bCuwPbLvw==/170020/19-MTcwMDIwMTk=.jpg
0007,21,http://imgs.juheapi.com/comic_xin/y8DJ8bCuwPbLvw==/170020/20-MTcwMDIwMjA=.jpg
0007,22,http://imgs.juheapi.com/comic_xin/y8DJ8bCuwPbLvw==/170020/21-MTcwMDIwMjE=.jpg
0007,23,http://imgs.juheapi.com/comic_xin/y8DJ8bCuwPbLvw==/170020/22-MTcwMDIwMjI=.jpg
0007,24,http://imgs.juheapi.com/comic_xin/y8DJ8bCuwPbLvw==/170020/23-MTcwMDIwMjM=.jpg
0007,25,http://imgs.juheapi.com/comic_xin/y8DJ8bCuwPbLvw==/170020/24-MTcwMDIwMjQ=.jpg
0007,26,http://imgs.juheapi.com/comic_xin/y8DJ8bCuwPbLvw==/170020/25-MTcwMDIwMjU=.jpg
0007,27,http://imgs.juheapi.com/comic_xin/y8DJ8bCuwPbLvw==/170020/26-MTcwMDIwMjY=.jpg
0007,28,http://imgs.juheapi.com/comic_xin/y8DJ8bCuwPbLvw==/170020/27-MTcwMDIwMjc=.jpg
0007,29,http://imgs.juheapi.com/comic_xin/y8DJ8bCuwPbLvw==/170020/28-MTcwMDIwMjg=.jpg
0008,1,http://imgs.juheapi.com/comic_xin/y8DJ8bCuwPbLvw==/170023/0-MTcwMDIzMA==.jpg
0008,2,http://imgs.juheapi.com/comic_xin/y8DJ8bCuwPbLvw==/170023/1-MTcwMDIzMQ==.jpg
0008,3,http://imgs.juheapi.com/comic_xin/y8DJ8bCuwPbLvw==/170023/2-MTcwMDIzMg==.jpg
0008,4,http://imgs.juheapi.com/comic_xin/y8DJ8bCuwPbLvw==/170023/3-MTcwMDIzMw==.jpg
0008,5,http://imgs.juheapi.com/comic_xin/y8DJ8bCuwPbLvw==/170023/4-MTcwMDIzNA==.jpg
0008,6,http://imgs.juheapi.com/comic_xin/y8DJ8bCuwPbLvw==/170023/5-MTcwMDIzNQ==.jpg
0008,7,http://imgs.juheapi.com/comic_xin/y8DJ8bCuwPbLvw==/170023/6-MTcwMDIzNg==.jpg
0008,8,http://imgs.juheapi.com/comic_xin/y8DJ8bCuwPbLvw==/170023/7-MTcwMDIzNw==.jpg
0008,9,http://imgs.juheapi.com/comic_xin/y8DJ8bCuwPbLvw==/170023/8-MTcwMDIzOA==.jpg
0008,10,http://imgs.juheapi.com/comic_xin/y8DJ8bCuwPbLvw==/170023/9-MTcwMDIzOQ==.jpg
0008,11,http://imgs.juheapi.com/comic_xin/y8DJ8bCuwPbLvw==/170023/10-MTcwMDIzMTA=.jpg
0008,12,http://imgs.juheapi.com/comic_xin/y8DJ8bCuwPbLvw==/170023/11-MTcwMDIzMTE=.jpg
0008,13,http://imgs.juheapi.com/comic_xin/y8DJ8bCuwPbLvw==/170023/12-MTcwMDIzMTI=.jpg
0008,14,http://imgs.juheapi.com/comic_xin/y8DJ8bCuwPbLvw==/170023/13-MTcwMDIzMTM=.jpg
0008,15,http://imgs.juheapi.com/comic_xin/y8DJ8bCuwPbLvw==/170023/14-MTcwMDIzMTQ=.jpg
0008,16,http://imgs.juheapi.com/comic_xin/y8DJ8bCuwPbLvw==/170023/15-MTcwMDIzMTU=.jpg
0008,17,http://imgs.juheapi.com/comic_xin/y8DJ8bCuwPbLvw==/170023/16-MTcwMDIzMTY=.jpg
0008,18,http://imgs.juheapi.com/comic_xin/y8DJ8bCuwPbLvw==/170023/17-MTcwMDIzMTc=.jpg
0008,19,http://imgs.juheapi.com/comic_xin/y8DJ8bCuwPbLvw==/170023/18-MTcwMDIzMTg=.jpg
0008,20,http://imgs.juheapi.com/comic_xin/y8DJ8bCuwPbLvw==/170023/19-MTcwMDIzMTk=.jpg
0008,21,http://imgs.juheapi.com/comic_xin/y8DJ8bCuwPbLvw==/170023/20-MTcwMDIzMjA=.jpg
0008,22,http://imgs.juheapi.com/comic_xin/y8DJ8bCuwPbLvw==/170023/21-MTcwMDIzMjE=.jpg
0008,23,http://imgs.juheapi.com/comic_xin/y8DJ8bCuwPbLvw==/170023/22-MTcwMDIzMjI=.jpg
0008,24,http://imgs.juheapi.com/comic_xin/y8DJ8bCuwPbLvw==/170023/23-MTcwMDIzMjM=.jpg
0008,25,http://imgs.juheapi.com/comic_xin/y8DJ8bCuwPbLvw==/170023/24-MTcwMDIzMjQ=.jpg
0008,26,http://imgs.juheapi.com/comic_xin/y8DJ8bCuwPbLvw==/170023/25-MTcwMDIzMjU=.jpg
0008,27,http://imgs.juheapi.com/comic_xin/y8DJ8bCuwPbLvw==/170023/26-MTcwMDIzMjY=.jpg
0008,28,http://imgs.juheapi.com/comic_xin/y8DJ8bCuwPbLvw==/170023/27-MTcwMDIzMjc=.jpg
0008,29,http://imgs.juheapi.com/comic_xin/y8DJ8bCuwPbLvw==/170023/28-MTcwMDIzMjg=.jpg
0008,30,http://imgs.juheapi.com/comic_xin/y8DJ8bCuwPbLvw==/170023/29-MTcwMDIzMjk=.jpg
0008,31,http://imgs.juheapi.com/comic_xin/y8DJ8bCuwPbLvw==/170023/30-MTcwMDIzMzA=.jpg
0008,32,http://imgs.juheapi.com/comic_xin/y8DJ8bCuwPbLvw==/170023/31-MTcwMDIzMzE=.jpg
0008,33,http://imgs.juheapi.com/comic_xin/y8DJ8bCuwPbLvw==/170023/32-MTcwMDIzMzI=.jpg
0008,34,http://imgs.juheapi.com/comic_xin/y8DJ8bCuwPbLvw==/170023/33-MTcwMDIzMzM=.jpg
0008,35,http://imgs.juheapi.com/comic_xin/y8DJ8bCuwPbLvw==/170023/34-MTcwMDIzMzQ=.jpg
0008,36,http://imgs.juheapi.com/comic_xin/y8DJ8bCuwPbLvw==/170023/35-MTcwMDIzMzU=.jpg
0008,37,http://imgs.juheapi.com/comic_xin/y8DJ8bCuwPbLvw==/170023/36-MTcwMDIzMzY=.jpg
0009,1,http://imgs.juheapi.com/comic_xin/y8DJ8bCuwPbLvw==/170025/0-MTcwMDI1MA==.jpg
0009,2,http://imgs.juheapi.com/comic_xin/y8DJ8bCuwPbLvw==/170025/1-MTcwMDI1MQ==.jpg
0009,3,http://imgs.juheapi.com/comic_xin/y8DJ8bCuwPbLvw==/170025/2-MTcwMDI1Mg==.jpg
0009,4,http://imgs.juheapi.com/comic_xin/y8DJ8bCuwPbLvw==/170025/3-MTcwMDI1Mw==.jpg
0009,5,http://imgs.juheapi.com/comic_xin/y8DJ8bCuwPbLvw==/170025/4-MTcwMDI1NA==.jpg
0009,6,http://imgs.juheapi.com/comic_xin/y8DJ8bCuwPbLvw==/170025/5-MTcwMDI1NQ==.jpg
0009,7,http://imgs.juheapi.com/comic_xin/y8DJ8bCuwPbLvw==/170025/6-MTcwMDI1Ng==.jpg
0009,8,http://imgs.juheapi.com/comic_xin/y8DJ8bCuwPbLvw==/170025/7-MTcwMDI1Nw==.jpg
0009,9,http://imgs.juheapi.com/comic_xin/y8DJ8bCuwPbLvw==/170025/8-MTcwMDI1OA==.jpg
0009,10,http://imgs.juheapi.com/comic_xin/y8DJ8bCuwPbLvw==/170025/9-MTcwMDI1OQ==.jpg
0009,11,http://imgs.juheapi.com/comic_xin/y8DJ8bCuwPbLvw==/170025/10-MTcwMDI1MTA=.jpg
0009,12,http://imgs.juheapi.com/comic_xin/y8DJ8bCuwPbLvw==/170025/11-MTcwMDI1MTE=.jpg
0009,13,http://imgs.juheapi.com/comic_xin/y8DJ8bCuwPbLvw==/170025/12-MTcwMDI1MTI=.jpg
0009,14,http://imgs.juheapi.com/comic_xin/y8DJ8bCuwPbLvw==/170025/13-MTcwMDI1MTM=.jpg
0009,15,http://imgs.juheapi.com/comic_xin/y8DJ8bCuwPbLvw==/170025/14-MTcwMDI1MTQ=.jpg
0009,16,http://imgs.juheapi.com/comic_xin/y8DJ8bCuwPbLvw==/170025/15-MTcwMDI1MTU=.jpg
0009,17,http://imgs.juheapi.com/comic_xin/y8DJ8bCuwPbLvw==/170025/16-MTcwMDI1MTY=.jpg
0009,18,http://imgs.juheapi.com/comic_xin/y8DJ8bCuwPbLvw==/170025/17-MTcwMDI1MTc=.jpg
0009,19,http://imgs.juheapi.com/comic_xin/y8DJ8bCuwPbLvw==/170025/18-MTcwMDI1MTg=.jpg
0009,20,http://imgs.juheapi.com/comic_xin/y8DJ8bCuwPbLvw==/170025/19-MTcwMDI1MTk=.jpg
0009,21,http://imgs.juheapi.com/comic_xin/y8DJ8bCuwPbLvw==/170025/20-MTcwMDI1MjA=.jpg
0009,22,http://imgs.juheapi.com/comic_xin/y8DJ8bCuwPbLvw==/170025/21-MTcwMDI1MjE=.jpg
0009,23,http://imgs.juheapi.com/comic_xin/y8DJ8bCuwPbLvw==/170025/22-MTcwMDI1MjI=.jpg
0009,24,http://imgs.juheapi.com/comic_xin/y8DJ8bCuwPbLvw==/170025/23-MTcwMDI1MjM=.jpg
0009,25,http://imgs.juheapi.com/comic_xin/y8DJ8bCuwPbLvw==/170025/24-MTcwMDI1MjQ=.jpg
0009,26,http://imgs.juheapi.com/comic_xin/y8DJ8bCuwPbLvw==/170025/25-MTcwMDI1MjU=.jpg
0009,27,http://imgs.juheapi.com/comic_xin/y8DJ8bCuwPbLvw==/170025/26-MTcwMDI1MjY=.jpg
0009,28,http://imgs.juheapi.com/comic_xin/y8DJ8bCuwPbLvw==/170025/27-MTcwMDI1Mjc=.jpg
0009,29,http://imgs.juheapi.com/comic_xin/y8DJ8bCuwPbLvw==/170025/28-MTcwMDI1Mjg=.jpg
0009,30,http://imgs.juheapi.com/comic_xin/y8DJ8bCuwPbLvw==/170025/29-MTcwMDI1Mjk=.jpg
0009,31,http://imgs.juheapi.com/comic_xin/y8DJ8bCuwPbLvw==/170025/30-MTcwMDI1MzA=.jpg
0009,32,http://imgs.juheapi.com/comic_xin/y8DJ8bCuwPbLvw==/170025/31-MTcwMDI1MzE=.jpg
0009,33,http://imgs.juheapi.com/comic_xin/y8DJ8bCuwPbLvw==/170025/32-MTcwMDI1MzI=.jpg
0009,34,http://imgs.juheapi.com/comic_xin/y8DJ8bCuwPbLvw==/170025/33-MTcwMDI1MzM=.jpg
0009,35,http://imgs.juheapi.com/comic_xin/y8DJ8bCuwPbLvw==/170025/34-MTcwMDI1MzQ=.jpg
0009,36,http://imgs.juheapi.com/comic_xin/y8DJ8bCuwPbLvw==/170025/35-MTcwMDI1MzU=.jpg
0010,1,http://imgs.juheapi.com/comic_xin/y8DJ8bCuwPbLvw==/265977/0-MjY1OTc3MA==.jpg
0010,2,http://imgs.juheapi.com/comic_xin/y8DJ8bCuwPbLvw==/265977/1-MjY1OTc3MQ==.jpg
0010,3,http://imgs.juheapi.com/comic_xin/y8DJ8bCuwPbLvw==/265977/2-MjY1OTc3Mg==.jpg
0010,4,http://imgs.juheapi.com/comic_xin/y8DJ8bCuwPbLvw==/265977/3-MjY1OTc3Mw==.jpg
0010,5,http://imgs.juheapi.com/comic_xin/y8DJ8bCuwPbLvw==/265977/4-MjY1OTc3NA==.jpg
